Date,Andhra Pradesh,Arunachal Pradesh,Assam,Bihar,Chhattisgarh,Goa,Gujarat,Haryana,Himachal Pradesh,Jharkhand,Karnataka,Kerala,Madhya Pradesh,Maharashtra,Manipur,Meghalaya,Mizoram,Nagaland,Odisha,Punjab,Rajasthan,Sikkim,Tamil Nadu,Telangana,Tripura,Uttar Pradesh,Uttarakhand,West Bengal,Delhi
2019-01-01,106.16,310.25,190.79,323.31,269.74,142.09,284.93,233.91,353.25,374.34,479.32,58.18,71.75,331.9,290.95,75.91,124.22,324.14,310.49,85.82,347.48,375.95,286.86,111.95,95.1,589.51,162.93,88.94,188.87
2019-01-02,116.86,310.83,200.08,310.41,252.91,136.7,288.49,237.93,346.4,377.17,482.74,53.11,74.56,349.42,296.68,79.74,122.54,325.99,300.03,92.13,350.14,378.85,277.75,100.48,96.32,579.15,164.16,86.28,189.28
2019-01-03,103.08,311.33,195.55,312.64,261.14,145.11,282.41,247.56,360.07,379.71,482.72,44.43,78.73,346.4,280.32,74.09,119.58,318.34,297.52,87.55,352.16,378.28,277.13,100.04,91.34,588.66,153.86,73.54,199.48
2019-01-04,114.95,309.33,186.0,314.24,253.66,136.55,282.83,239.41,348.02,372.41,480.04,55.86,82.62,343.06,278.38,79.81,129.73,333.23,296.95,88.71,345.41,372.11,287.31,99.3,99.94,592.83,155.47,72.5,185.87
2019-01-05,100.14,312.11,182.23,321.14,253.04,141.8,272.81,246.58,352.08,380.51,481.56,49.59,76.55,338.11,288.29,73.77,126.4,331.71,302.05,94.74,358.87,383.12,276.75,98.48,94.85,594.42,158.02,81.88,188.55
2019-01-06,104.99,296.37,188.12,313.65,265.23,143.25,275.59,238.51,354.05,384.32,481.28,56.64,78.2,338.01,283.73,70.35,118.95,322.86,293.03,88.47,361.68,378.64,275.06,116.36,106.81,578.69,159.99,70.64,204.06
2019-01-07,106.23,300.04,196.96,321.3,256.19,150.8,275.74,244.25,351.04,373.13,495.58,43.53,75.12,345.88,290.13,88.43,117.7,323.07,304.96,85.54,361.25,386.9,278.01,112.44,103.38,594.62,156.16,74.83,195.96
2019-01-08,109.86,309.36,188.6,313.28,262.95,140.44,287.94,243.17,349.13,385.67,485.02,58.46,80.0,338.13,296.48,83.1,128.51,320.06,296.14,87.34,347.96,374.41,270.35,107.66,91.99,596.92,164.44,79.66,196.44
2019-01-09,107.98,297.4,200.07,313.14,257.59,155.47,289.65,236.54,352.95,384.22,486.18,59.73,82.35,333.24,287.55,78.99,122.9,318.79,297.57,85.3,357.29,383.34,276.69,102.6,99.0,585.99,170.13,85.07,188.72
2019-01-10,108.11,299.28,182.73,310.96,266.96,141.87,290.83,242.77,354.88,386.54,481.4,53.44,75.79,345.9,294.68,69.63,128.29,333.47,310.54,97.07,356.95,373.31,282.52,115.04,88.69,597.5,167.68,82.16,201.16
2019-01-11,102.71,299.35,197.39,319.62,252.73,146.28,283.41,250.19,343.84,372.86,486.24,52.0,86.7,333.05,283.63,82.32,116.56,328.15,301.68,95.07,358.61,386.98,284.94,100.25,96.54,588.67,152.33,85.23,187.74
2019-01-12,109.22,309.09,182.15,305.8,271.41,153.73,279.85,240.21,343.78,374.02,481.93,48.96,79.53,344.05,288.01,77.28,119.4,330.57,305.75,84.71,348.39,375.22,283.96,112.72,102.13,591.02,161.48,75.45,199.25
2019-01-13,114.36,297.74,185.3,303.89,263.84,141.34,274.48,250.05,359.6,382.93,488.85,46.74,77.62,337.69,292.6,80.26,121.19,333.17,293.1,93.89,343.43,380.15,269.78,107.34,92.87,591.03,151.8,82.58,192.69
2019-01-14,107.39,303.9,193.61,307.54,257.12,148.83,280.38,247.46,345.96,380.4,487.28,51.22,75.27,345.69,281.29,77.73,113.55,323.36,308.98,82.56,347.06,382.83,282.72,98.57,88.79,594.54,163.04,76.04,191.51
2019-01-15,109.43,305.2,194.31,317.14,255.95,147.9,282.34,246.99,352.44,379.43,480.89,56.93,89.75,335.53,289.7,69.81,120.75,327.86,310.58,81.92,357.56,375.39,278.16,107.01,107.24,578.55,165.63,71.52,192.58
2019-01-16,116.5,308.05,183.12,309.91,262.42,140.19,283.53,236.69,357.19,371.68,491.4,55.16,87.94,344.08,292.86,81.25,112.32,334.18,307.38,99.35,361.68,383.1,269.28,110.99,98.12,587.64,162.06,87.35,185.82
2019-01-17,115.56,309.36,192.96,314.82,261.16,144.48,283.2,250.52,356.95,377.68,480.78,42.4,78.82,339.24,278.97,82.65,112.75,320.26,310.46,80.91,352.62,371.29,276.95,97.63,96.72,579.95,164.38,89.56,196.91
2019-01-18,112.12,303.82,186.07,318.47,263.05,145.15,276.99,241.13,343.91,373.64,493.71,46.67,74.19,335.34,288.34,76.45,125.51,316.0,306.62,92.54,346.73,374.52,275.88,106.24,96.0,596.65,160.75,77.99,189.56
2019-01-19,99.84,299.6,192.0,318.62,269.06,142.6,289.2,245.56,350.85,383.21,489.86,53.74,76.09,332.01,295.12,80.02,113.25,327.59,293.92,89.38,359.08,374.86,272.06,106.37,91.51,582.58,152.43,81.3,188.87
2019-01-20,119.65,302.74,201.22,309.09,255.63,154.67,271.89,239.91,356.48,372.0,495.13,51.28,85.36,333.86,287.92,81.93,128.13,322.54,304.24,89.04,360.8,383.79,286.27,98.62,91.18,586.73,166.06,85.21,200.61
2019-01-21,115.8,309.14,195.31,311.05,268.85,155.1,285.89,239.07,360.18,386.44,482.74,58.77,82.32,334.95,294.68,88.02,129.91,325.62,294.64,81.18,361.32,371.32,286.26,109.87,107.26,595.12,167.68,84.87,204.38
2019-01-22,106.83,308.49,198.19,323.03,266.31,138.83,290.09,238.62,356.76,383.23,489.12,49.07,88.99,348.0,289.9,80.48,117.36,333.28,310.52,86.2,360.49,385.1,285.06,116.99,94.77,581.2,165.49,73.53,202.55
2019-01-23,115.63,300.23,189.61,312.69,268.05,149.04,289.02,241.69,348.43,390.18,485.16,41.28,76.33,338.01,288.6,77.57,115.12,319.72,294.24,89.35,350.34,371.89,288.89,116.03,96.81,589.8,160.66,80.93,197.89
2019-01-24,117.52,296.21,194.64,308.95,258.44,140.35,288.21,236.4,361.88,384.83,492.98,53.43,89.51,346.22,284.69,87.53,122.44,330.75,301.03,93.55,360.2,386.85,275.46,108.42,98.76,577.84,159.96,88.53,197.87
2019-01-25,117.97,312.92,182.68,316.46,269.13,154.48,288.68,240.85,355.87,387.78,485.91,51.99,87.15,344.3,295.11,74.83,115.46,327.28,302.25,89.18,358.74,374.79,281.79,97.92,88.08,583.94,159.02,88.88,190.11
2019-01-26,113.39,314.34,200.02,304.01,252.64,151.07,287.44,237.99,344.57,389.01,490.32,56.37,78.09,347.94,278.29,72.15,124.25,328.15,305.19,89.66,361.23,383.89,278.39,106.73,100.54,579.47,152.3,83.48,199.73
2019-01-27,115.85,306.11,195.11,314.97,265.33,136.73,277.0,246.63,347.21,388.44,488.45,53.67,83.32,334.03,296.96,82.24,127.03,325.46,308.58,100.78,344.25,376.89,273.03,98.04,104.43,593.22,165.42,85.29,185.37
2019-01-28,119.78,310.33,200.81,322.9,268.13,143.51,276.65,234.43,347.13,373.11,490.51,44.55,82.98,345.63,285.29,80.64,129.66,315.98,296.54,89.21,351.49,383.96,274.94,98.21,97.94,591.67,162.36,75.32,204.52
2019-01-29,112.38,300.5,182.41,320.92,254.45,153.15,285.52,249.01,351.34,377.85,481.53,49.74,81.96,340.11,284.89,86.14,123.58,330.42,298.89,84.08,357.65,388.94,275.98,114.1,90.18,585.03,169.39,75.37,186.66
2019-01-30,103.61,314.6,189.21,311.78,256.82,141.07,286.42,245.41,362.03,387.23,486.96,58.47,79.96,336.52,282.89,82.82,123.68,334.36,307.19,85.61,351.47,378.0,282.16,110.21,96.84,581.0,165.6,87.18,191.16
2019-01-31,114.89,309.22,192.45,315.34,253.45,153.88,282.25,234.99,358.25,379.34,483.14,56.63,82.23,340.7,289.9,76.57,116.09,333.34,310.12,81.47,348.15,377.9,272.43,112.2,97.95,577.85,167.14,90.18,202.15
2019-02-01,104.41,300.24,194.99,318.53,269.55,148.78,290.02,234.37,353.91,381.6,484.61,60.34,71.4,340.33,295.02,80.95,118.09,323.87,298.81,99.75,343.9,387.57,275.16,99.97,92.05,595.81,167.37,85.84,199.76
2019-02-02,105.21,304.17,196.13,312.24,268.04,144.86,282.42,237.98,351.33,388.9,496.23,44.59,73.02,337.44,285.25,74.64,125.93,318.11,293.48,85.24,350.36,384.33,288.42,104.2,97.15,585.0,169.08,86.08,204.18
2019-02-03,119.51,307.88,183.88,307.17,267.65,141.33,290.66,243.43,344.45,389.82,490.48,50.38,70.88,347.02,277.39,78.59,113.72,320.38,304.74,87.12,343.25,386.43,280.89,102.9,101.64,587.27,157.45,72.44,192.32
2019-02-04,114.38,315.39,183.17,321.27,253.74,136.29,275.9,242.32,348.83,379.03,493.74,44.73,85.82,347.14,295.23,69.23,116.98,322.22,293.01,89.95,344.54,372.61,287.02,101.55,106.95,596.72,161.19,70.77,195.87
2019-02-05,102.98,297.08,186.27,309.54,270.28,135.78,279.58,247.02,357.98,385.7,494.79,53.06,74.39,335.11,280.43,69.55,120.48,320.15,305.89,97.12,358.89,375.28,276.43,101.71,94.76,588.21,167.62,90.38,198.37
2019-02-06,100.87,298.68,183.79,316.45,270.22,147.48,280.01,235.25,358.88,386.92,488.61,52.56,79.74,334.08,282.83,72.88,124.66,334.1,310.93,83.33,353.56,374.61,279.66,112.77,105.46,597.22,158.79,74.62,193.72
2019-02-07,106.37,299.62,183.83,304.93,253.67,141.02,273.9,235.82,348.96,390.9,478.38,58.31,89.74,347.91,284.79,74.61,114.54,315.82,295.51,92.8,350.42,373.35,279.19,109.84,104.41,581.1,155.64,86.98,204.54
2019-02-08,119.3,315.32,197.21,312.81,260.5,138.82,282.89,243.66,344.38,379.61,481.65,48.68,74.43,334.14,280.2,86.25,113.84,328.28,291.36,90.31,343.56,388.82,286.76,100.01,97.03,582.91,166.1,86.52,187.6
2019-02-09,115.43,295.97,182.01,315.35,265.14,148.28,284.32,249.2,344.33,372.96,483.94,50.33,84.48,345.95,292.47,73.65,124.25,315.3,301.56,91.33,347.53,377.19,273.28,105.11,105.65,578.85,154.78,84.7,190.82
2019-02-10,116.47,311.68,197.87,313.06,260.73,137.73,273.7,236.2,345.38,376.32,485.29,47.17,85.46,335.9,284.51,81.96,119.6,324.87,298.72,88.15,359.72,380.04,278.32,115.78,93.42,583.29,159.18,83.95,200.0
2019-02-11,103.88,298.91,183.89,315.32,256.36,147.04,274.76,245.52,349.2,372.45,487.63,49.6,83.63,337.1,294.51,79.0,115.42,332.9,307.97,97.54,348.04,373.54,284.99,113.63,104.01,589.26,159.46,89.89,189.97
2019-02-12,117.13,313.75,201.04,306.57,261.1,141.26,271.14,250.45,358.23,378.83,479.86,46.93,79.26,347.25,280.27,84.29,129.77,319.82,305.8,81.77,348.09,380.74,286.75,108.97,97.99,589.7,153.9,75.11,186.76
2019-02-13,119.31,297.59,183.33,304.39,254.73,152.47,287.37,238.93,359.89,388.09,492.47,54.23,89.52,338.38,288.06,86.28,122.4,317.26,303.93,99.19,347.55,385.71,285.84,108.77,96.46,586.0,165.28,75.74,191.41
2019-02-14,106.19,304.02,181.51,312.48,267.08,135.75,280.5,234.97,355.71,380.07,476.37,49.04,75.09,331.73,294.66,69.76,121.9,329.42,310.4,99.83,357.22,374.3,270.53,114.68,90.16,597.35,152.14,90.25,196.81
2019-02-15,110.05,303.59,197.71,321.47,253.52,136.99,291.01,238.36,352.6,371.44,479.41,51.06,79.45,342.24,282.59,72.92,121.03,331.48,303.18,90.27,351.35,374.97,274.07,100.15,103.27,590.68,156.91,85.68,202.33
2019-02-16,118.82,313.17,199.28,318.61,265.42,149.07,272.19,249.01,343.66,381.45,480.18,58.0,83.11,349.75,286.81,69.93,121.75,320.25,296.64,81.87,348.21,383.95,275.41,115.41,107.01,589.14,163.75,87.37,204.97
2019-02-17,100.69,309.78,189.71,320.46,256.22,137.53,274.96,245.69,352.79,380.47,496.12,45.34,84.1,342.35,278.14,83.8,127.06,318.54,303.03,85.49,358.69,379.86,281.13,97.52,98.66,578.25,165.62,86.12,185.55
2019-02-18,102.69,299.83,196.78,306.85,256.35,138.32,276.82,250.56,353.33,372.56,481.28,41.6,88.63,349.81,291.32,77.01,113.53,318.82,293.38,100.28,344.83,389.66,278.58,101.04,95.11,589.57,168.48,80.51,201.04
2019-02-19,103.06,311.69,199.76,307.85,262.89,152.07,278.58,243.99,351.21,382.1,494.76,42.72,86.23,342.26,278.87,84.23,121.23,323.95,308.08,82.64,361.47,374.14,284.01,100.43,95.31,597.22,152.46,82.62,187.75
2019-02-20,106.76,312.01,191.32,309.14,267.05,151.63,286.37,249.75,343.53,378.55,478.95,45.58,83.71,343.68,281.76,87.27,118.38,323.29,298.41,83.82,345.6,384.13,279.59,107.09,89.76,596.89,168.29,72.5,186.38
2019-02-21,113.12,296.12,188.21,309.64,253.34,145.71,278.47,238.75,361.55,376.18,476.35,43.88,73.87,331.66,291.56,69.13,118.89,324.2,310.7,99.5,351.42,374.35,269.13,112.35,104.22,594.85,151.67,74.41,191.17
2019-02-22,112.41,309.15,185.65,306.85,263.01,149.54,274.6,245.82,357.29,382.78,485.0,50.87,82.48,336.25,295.48,76.06,113.1,329.35,303.27,89.15,351.64,384.46,274.52,108.23,99.56,592.12,171.21,87.47,188.8
2019-02-23,114.53,297.92,199.84,306.42,270.0,152.41,285.62,242.65,360.43,379.28,478.55,52.87,87.65,334.01,292.13,76.76,123.35,317.24,307.78,83.57,348.13,372.42,282.14,109.11,91.89,579.55,154.51,71.26,189.12
2019-02-24,119.6,302.32,195.22,318.72,267.1,141.2,274.68,234.59,353.35,380.53,488.03,53.88,77.99,332.23,281.2,80.98,130.66,321.31,309.2,99.24,354.1,390.36,277.88,99.69,88.74,588.63,162.98,85.1,190.13
2019-02-25,104.68,310.4,188.71,316.57,261.2,153.68,286.77,247.35,344.57,375.07,484.31,45.31,88.25,334.73,291.3,81.13,123.26,327.14,305.74,92.73,348.48,389.77,273.9,99.63,87.91,591.81,151.87,72.13,185.97
2019-02-26,114.61,314.03,197.79,313.16,256.36,136.14,276.08,238.92,342.78,371.9,482.03,46.07,88.61,341.91,295.48,73.13,112.7,316.61,298.31,92.6,361.29,376.21,271.56,109.41,91.92,588.63,157.62,75.07,191.63
2019-02-27,109.23,313.61,189.81,304.32,265.36,148.98,271.72,238.36,346.01,371.55,482.52,49.1,77.97,343.07,279.36,82.26,120.26,323.68,296.6,95.09,343.87,381.03,272.67,107.89,94.04,579.81,155.57,77.12,196.05
2019-02-28,107.39,307.94,189.4,315.76,260.65,146.23,281.97,243.56,352.69,381.15,478.41,50.4,78.05,337.19,290.14,72.97,128.16,326.32,297.93,85.42,358.64,377.86,277.54,105.12,104.73,587.47,151.78,84.04,193.78
2019-03-01,108.52,313.29,190.25,313.76,265.39,145.72,272.28,247.69,347.31,385.99,489.46,43.0,89.0,347.69,294.17,81.77,130.95,317.43,299.8,98.62,345.0,376.66,276.86,104.81,94.57,582.56,162.14,84.42,195.95
2019-03-02,108.69,296.83,186.17,319.37,262.02,136.1,278.19,241.55,357.8,388.62,484.56,52.15,74.73,332.57,296.51,87.28,130.53,315.15,292.79,87.77,357.67,385.49,281.31,99.46,93.87,588.25,168.77,79.8,202.6
2019-03-03,117.29,304.09,193.03,322.37,263.79,138.74,288.48,236.9,360.6,375.22,480.37,51.31,86.95,350.06,282.83,86.98,120.75,333.89,291.75,95.36,361.51,373.73,274.75,104.14,98.96,591.75,160.94,79.2,196.65
2019-03-04,110.94,296.61,196.3,307.16,258.77,139.16,283.99,238.55,358.31,380.34,487.07,50.71,83.9,342.5,295.26,87.6,116.91,334.93,292.82,94.26,348.63,379.57,269.63,97.88,107.18,589.2,158.2,86.18,186.63
2019-03-05,108.45,302.58,201.07,307.63,269.6,155.49,282.67,238.34,351.24,390.77,491.91,53.57,75.53,336.13,292.74,70.55,117.81,318.37,292.01,88.61,361.84,380.76,280.23,97.42,103.21,577.99,170.86,84.09,198.46
2019-03-06,115.37,305.08,182.4,315.29,252.94,148.08,286.62,238.79,356.49,381.75,478.52,43.87,86.96,347.93,287.39,83.01,122.99,321.08,307.94,83.95,353.75,387.72,278.66,114.96,87.73,581.6,162.4,88.34,187.06
2019-03-07,100.6,313.98,184.87,310.93,271.58,149.76,287.74,248.62,343.69,380.16,489.82,48.96,81.77,340.25,287.34,78.16,129.98,330.62,306.6,90.51,359.67,387.57,282.28,107.7,106.76,581.42,158.46,82.89,185.59
2019-03-08,100.06,308.44,188.82,310.91,264.12,141.8,284.73,237.89,352.77,390.93,478.34,41.47,89.08,348.31,293.69,79.56,125.45,322.6,308.6,90.22,356.26,374.22,281.01,113.12,100.87,583.83,155.13,78.22,202.2
2019-03-09,108.94,301.47,191.27,312.69,258.14,148.03,273.77,244.78,353.91,376.15,485.74,47.19,90.57,332.53,286.81,81.13,124.61,316.42,307.82,81.47,362.77,372.79,269.31,103.22,94.89,591.51,169.89,80.36,197.14
2019-03-10,106.1,307.93,198.6,304.02,271.9,136.54,275.98,249.57,346.1,388.09,485.76,59.52,76.69,339.02,296.37,71.16,124.77,330.49,306.14,95.92,354.98,389.95,277.4,98.87,105.32,594.6,156.74,75.19,191.12
2019-03-11,112.75,300.92,181.95,306.03,255.18,141.83,276.05,248.3,348.15,376.07,493.01,49.87,77.6,339.53,282.74,85.37,117.18,319.49,293.68,87.42,346.34,388.99,277.92,98.45,91.18,589.76,155.66,83.33,196.33
2019-03-12,109.89,313.52,191.67,305.75,269.6,150.08,286.86,243.98,346.92,386.45,479.95,48.54,71.33,346.53,286.02,83.57,127.17,317.32,305.7,91.21,344.79,381.33,270.55,114.78,92.2,593.83,164.94,77.75,190.63
2019-03-13,102.0,298.7,191.25,305.11,255.77,139.4,279.94,247.0,349.91,377.65,484.66,58.76,77.14,330.95,280.61,75.54,130.73,318.03,297.05,94.14,348.8,380.81,275.09,109.84,95.23,581.65,152.07,84.33,193.42
2019-03-14,109.65,298.14,194.81,304.19,261.34,137.24,281.29,238.01,342.23,376.54,484.8,49.91,72.09,335.28,277.74,86.64,118.12,321.82,309.72,82.37,359.1,377.99,280.03,112.49,98.42,582.78,170.67,78.28,187.31
2019-03-15,101.66,312.92,189.28,307.53,270.64,148.61,273.17,234.71,354.39,371.37,491.21,45.4,71.92,335.17,291.84,72.47,130.23,326.74,300.41,90.15,347.72,375.85,270.91,102.32,91.01,587.38,158.19,83.32,199.83
2019-03-16,102.54,302.48,188.25,317.29,255.2,140.56,277.39,247.33,349.78,383.63,480.86,51.56,72.57,339.01,295.35,87.09,111.95,321.51,297.23,94.54,347.1,378.36,279.67,106.88,93.15,582.85,154.9,89.04,199.79
2019-03-17,102.31,304.64,195.07,312.31,263.83,144.07,286.63,249.63,343.47,379.79,486.15,51.94,87.3,349.08,289.13,80.79,111.93,332.73,302.71,81.97,362.17,371.5,274.54,112.26,96.73,578.31,159.12,78.4,190.09
2019-03-18,108.15,309.08,194.74,309.4,261.48,151.29,275.22,249.97,359.38,389.52,485.76,55.26,83.41,349.99,287.52,69.52,121.55,317.46,292.49,93.48,359.08,386.06,277.82,110.05,103.11,584.99,163.21,88.97,204.8
2019-03-19,114.15,310.23,200.0,323.12,269.03,150.27,288.38,234.27,357.68,386.49,488.29,60.82,76.6,340.4,285.75,79.58,129.73,327.19,307.88,97.64,352.89,381.15,283.8,103.92,93.48,594.31,161.21,90.33,186.2
2019-03-20,114.03,311.94,198.32,310.83,262.92,152.33,288.67,243.16,355.55,388.43,493.87,48.9,89.57,339.38,278.17,71.85,114.42,315.87,310.97,87.64,360.91,388.31,273.38,97.35,98.95,578.96,156.92,73.97,187.77
2019-03-21,105.25,312.87,182.06,322.64,255.61,140.42,278.09,236.75,358.73,386.24,486.51,41.38,75.32,348.09,281.4,69.75,111.95,326.3,305.18,85.84,343.52,371.2,283.57,104.58,101.91,584.1,165.71,72.16,199.84
2019-03-22,108.01,303.08,181.82,314.55,264.99,139.11,284.35,247.31,355.0,384.66,483.59,50.73,89.78,342.87,281.91,71.18,128.22,322.78,306.37,90.85,353.4,381.42,280.98,97.94,104.02,578.18,170.62,83.15,190.74
2019-03-23,115.16,302.38,181.59,316.35,253.85,142.07,290.55,248.09,353.2,378.2,484.87,52.98,84.39,342.09,293.29,73.14,130.64,334.47,307.68,85.33,352.21,378.96,270.31,109.48,97.48,578.24,159.2,73.45,201.38
2019-03-24,117.41,304.66,195.22,311.06,267.4,143.59,276.35,235.57,359.15,388.52,495.73,48.2,85.62,334.51,287.97,80.93,122.96,321.33,292.2,88.93,356.33,381.84,283.36,116.75,96.42,594.19,169.81,70.84,204.77
2019-03-25,101.83,300.25,195.57,321.67,266.05,150.33,290.34,236.16,351.0,390.5,482.39,55.85,86.53,333.56,290.7,79.91,119.87,315.91,306.27,89.86,348.41,374.62,284.96,107.82,94.85,589.53,154.47,88.23,201.59
2019-03-26,107.25,313.45,184.82,306.57,266.47,152.47,274.45,240.37,355.88,385.93,481.19,46.17,77.48,341.87,295.06,71.97,114.22,330.4,305.49,97.1,359.85,386.96,279.02,115.09,104.86,588.05,165.17,86.68,204.01
2019-03-27,115.52,299.96,191.28,304.82,252.85,152.7,278.34,238.06,359.49,384.85,477.7,46.89,90.05,342.84,282.5,70.53,127.31,331.1,293.37,91.36,346.26,380.31,283.08,114.08,97.86,587.66,157.05,71.25,185.76
2019-03-28,107.58,304.07,192.26,306.49,261.7,146.29,282.75,243.92,342.95,374.64,478.52,58.47,83.31,341.18,293.83,81.28,128.21,326.21,292.86,84.72,352.91,388.92,274.16,111.21,88.57,584.18,166.96,81.67,199.13
2019-03-29,106.39,302.07,184.01,309.96,264.57,138.43,273.54,238.57,342.43,380.34,486.02,60.1,71.57,349.01,286.58,83.2,127.42,319.06,298.43,99.17,350.67,383.44,283.24,114.4,91.21,587.51,154.0,83.47,188.64
2019-03-30,103.27,307.47,198.97,318.13,254.98,154.13,280.1,237.1,355.02,371.97,478.71,54.03,84.37,338.36,283.94,87.81,124.7,334.13,307.72,91.69,354.95,380.79,285.66,98.98,99.14,597.45,158.99,87.53,187.04
2019-03-31,103.65,308.69,196.03,309.53,270.58,137.73,276.79,243.2,345.96,378.98,486.82,55.32,78.17,338.12,293.59,87.07,111.64,323.84,302.73,93.55,349.42,380.23,274.5,112.14,93.31,588.77,166.15,85.2,203.65
2019-04-01,141.31,368.53,233.75,383.34,316.13,168.41,334.82,299.7,417.11,461.28,581.46,53.89,104.58,418.34,345.11,91.7,142.27,396.39,353.91,111.34,415.5,462.4,338.18,132.66,107.54,700.88,193.09,92.39,234.24
2019-04-02,141.35,363.01,227.1,367.01,307.09,183.07,343.59,295.46,420.22,449.39,577.73,52.43,102.72,401.5,335.57,97.26,144.06,389.54,366.37,101.77,426.67,448.6,336.59,121.99,117.68,712.36,189.1,96.36,233.91
2019-04-03,139.6,363.56,229.34,367.72,318.36,168.8,332.13,293.49,430.01,467.44,582.79,67.67,102.17,404.3,339.63,98.96,137.87,382.27,363.61,101.93,418.19,450.93,341.3,125.89,113.22,698.93,192.16,95.23,241.32
2019-04-04,137.74,360.48,229.31,370.08,312.39,166.82,336.0,291.49,419.23,459.96,592.9,60.98,92.0,413.75,352.71,95.69,151.51,380.75,370.13,117.64,433.29,449.43,332.45,123.84,118.07,701.58,200.86,94.88,234.84
2019-04-05,131.52,376.31,235.0,367.49,319.04,172.18,345.09,287.27,413.0,450.48,575.65,52.39,88.65,415.96,343.78,89.47,146.51,381.7,370.33,99.6,425.5,450.74,333.94,137.86,118.53,711.18,187.32,90.64,225.16
2019-04-06,133.03,357.43,222.48,373.66,304.53,170.59,346.32,284.98,427.2,458.58,578.89,65.05,104.4,410.85,348.81,96.94,142.18,397.44,371.23,109.93,429.49,447.77,335.74,127.35,113.26,708.8,190.24,87.35,234.93
2019-04-07,128.74,364.77,221.19,385.84,310.77,177.78,327.81,300.78,427.75,458.71,574.12,65.74,102.62,407.17,344.28,89.51,153.15,385.0,356.04,107.44,425.37,459.3,332.77,132.22,107.51,712.93,198.42,93.02,243.89
2019-04-08,121.97,376.18,238.29,381.19,323.6,169.77,346.5,290.17,422.05,466.56,591.24,65.44,91.66,415.68,343.63,97.19,144.49,392.07,370.86,118.48,415.9,450.73,342.79,130.61,123.95,705.45,199.52,101.27,228.06
2019-04-09,137.07,369.47,232.46,374.71,315.86,181.88,332.85,285.66,428.93,460.1,585.01,65.9,101.14,400.53,335.69,102.86,151.15,381.23,354.55,101.87,430.5,454.73,344.23,133.19,122.94,705.16,184.52,105.11,238.87
2019-04-10,138.0,369.93,239.36,373.35,320.44,180.26,334.32,301.66,420.81,466.84,578.3,62.65,102.43,417.69,337.42,89.01,147.95,398.51,357.89,115.71,415.6,447.35,339.62,121.62,118.5,700.02,184.69,88.46,243.91
2019-04-11,141.36,364.14,227.37,368.73,304.72,167.72,330.33,290.96,431.46,447.86,581.15,60.97,92.74,415.55,337.29,94.56,143.13,399.26,355.01,113.73,414.32,466.4,340.35,122.79,120.5,713.5,184.82,91.22,236.65
2019-04-12,125.43,372.99,227.08,385.35,317.71,180.66,328.72,299.9,422.59,464.45,588.31,65.7,88.23,410.12,349.0,94.88,155.64,398.23,365.05,117.73,423.94,452.21,343.14,132.25,115.5,705.91,193.78,93.56,229.98
2019-04-13,126.7,360.05,223.17,375.42,308.88,181.59,333.85,287.93,413.59,451.25,588.72,62.02,96.6,416.93,335.52,94.5,148.35,385.43,361.79,106.88,433.41,461.31,343.87,124.04,111.1,708.63,192.8,105.2,225.5
2019-04-14,135.93,357.21,226.31,372.67,307.15,183.77,333.28,288.91,424.32,455.25,583.48,54.15,105.35,411.84,340.15,88.22,143.1,391.41,368.92,112.35,423.13,447.28,339.1,137.45,116.52,707.04,194.74,91.04,234.57
2019-04-15,141.7,369.74,224.66,380.75,311.59,171.43,330.83,296.42,412.94,464.17,588.88,58.65,105.31,412.04,350.34,85.35,141.06,383.54,355.14,101.11,415.37,449.0,330.1,125.97,125.44,706.61,198.25,105.19,228.51
2019-04-16,133.84,369.15,232.46,375.5,320.26,175.13,328.92,297.84,425.3,458.55,578.5,56.75,92.44,410.7,334.86,103.96,152.79,386.94,354.95,102.78,417.69,465.21,324.97,125.72,111.24,703.92,183.57,88.47,231.45
2019-04-17,123.63,361.32,233.31,379.5,320.02,182.54,334.96,290.87,427.26,457.47,588.01,63.78,89.43,409.98,344.29,88.91,135.91,383.67,352.05,109.63,429.49,456.89,343.48,118.93,113.11,714.28,203.34,101.44,239.27
2019-04-18,129.69,363.44,236.59,377.38,316.85,165.27,337.88,287.69,431.41,452.63,588.2,56.5,100.34,402.29,344.15,100.74,135.94,395.69,365.0,115.47,423.95,452.42,340.11,136.53,108.73,699.87,185.17,88.07,227.5
2019-04-19,136.65,358.59,234.34,376.74,315.7,184.11,340.82,301.38,419.13,465.23,581.68,65.65,97.33,416.7,347.31,89.86,153.73,388.04,359.87,113.93,431.26,462.85,343.74,127.2,115.16,705.92,200.34,101.92,225.26
2019-04-20,136.71,371.68,228.77,370.93,307.67,182.41,333.07,285.17,425.9,456.64,582.59,67.57,87.84,399.68,335.77,95.75,141.44,384.11,363.29,116.6,422.33,448.98,340.41,119.57,120.45,714.06,201.95,98.52,234.74
2019-04-21,128.73,375.92,234.83,372.47,317.65,175.88,334.87,292.37,430.25,464.84,590.43,63.19,98.57,409.0,347.46,94.86,151.07,392.01,370.12,104.68,420.61,451.41,344.47,133.62,121.35,709.52,192.58,98.75,240.11
2019-04-22,132.18,373.76,223.68,367.58,324.05,173.43,340.14,299.79,414.23,450.56,575.12,65.34,97.28,402.19,340.89,96.18,147.83,396.81,371.33,101.95,421.58,464.38,329.47,128.41,111.91,706.69,188.44,102.65,234.76
2019-04-23,140.52,364.85,232.17,372.2,311.37,177.76,343.53,286.12,418.02,467.44,581.81,52.24,98.52,405.27,349.77,95.56,143.15,398.88,364.65,110.11,415.14,459.34,333.3,131.87,111.42,697.03,186.6,88.24,238.85
2019-04-24,126.41,362.17,227.44,384.54,305.74,183.92,337.05,289.08,422.18,458.32,590.79,51.44,100.23,400.67,353.85,98.68,140.94,397.58,357.53,101.96,432.6,448.66,344.06,124.95,108.42,701.79,194.59,88.85,237.61
2019-04-25,124.87,375.13,238.56,386.21,324.23,167.84,346.74,285.2,419.5,464.05,590.37,69.09,98.72,413.41,341.43,100.26,136.05,382.06,353.84,102.17,415.88,465.67,338.84,119.81,118.9,699.05,194.66,93.88,232.75
2019-04-26,136.26,369.98,233.67,382.06,317.87,170.74,341.25,282.67,416.54,447.84,585.17,62.64,89.18,405.36,345.34,89.45,146.19,399.21,357.98,102.38,422.83,455.47,344.07,131.42,115.43,700.43,189.3,106.7,228.99
2019-04-27,131.78,358.81,233.57,371.65,321.47,178.82,346.42,299.48,420.64,450.25,587.45,56.18,92.47,413.58,337.83,84.73,148.15,397.35,359.67,100.62,415.74,456.44,334.91,132.18,110.76,697.47,189.77,89.36,244.02
2019-04-28,136.16,361.18,233.45,385.05,317.28,175.65,327.44,290.53,413.01,456.08,588.83,56.39,97.34,407.02,351.64,97.87,136.38,380.39,356.05,107.27,422.45,463.64,341.7,125.24,118.17,708.85,199.4,105.66,232.14
2019-04-29,139.7,361.37,237.2,374.92,322.17,173.92,346.88,290.85,425.24,453.63,582.07,57.75,93.74,410.18,345.58,89.22,143.68,395.31,363.76,108.56,429.5,460.5,331.64,131.88,116.7,705.7,189.66,105.03,234.27
2019-04-30,135.21,365.77,236.31,366.79,312.83,169.57,335.12,295.2,421.12,456.94,588.76,56.69,93.3,414.37,353.97,97.77,146.97,396.8,357.21,108.8,431.46,452.03,325.91,121.08,119.94,703.55,201.92,88.86,237.56
2019-05-01,123.34,370.52,227.73,367.36,315.39,182.21,330.3,301.25,431.02,453.91,580.49,69.58,99.14,398.73,336.34,103.62,149.64,380.83,355.1,101.35,425.46,457.06,332.29,120.46,114.57,707.51,190.0,93.87,242.17
2019-05-02,132.56,370.44,231.69,369.62,319.76,169.02,332.54,293.09,412.76,456.94,583.76,68.01,99.64,399.67,341.59,91.23,149.46,381.66,355.35,111.37,433.01,456.01,337.79,129.34,108.68,711.07,187.19,97.9,244.02
2019-05-03,127.48,360.53,228.51,370.77,305.79,184.49,343.28,298.04,431.93,453.24,591.43,57.06,96.05,408.55,345.77,85.88,143.64,392.38,356.51,104.34,418.93,457.04,344.49,136.94,123.8,712.59,199.29,100.98,237.42
2019-05-04,125.43,360.08,226.49,372.4,314.74,179.2,331.51,298.54,428.95,466.26,593.34,60.17,87.76,410.62,342.0,85.31,137.54,386.88,360.17,113.5,421.6,449.08,342.03,124.4,118.33,710.19,203.24,93.62,235.78
2019-05-05,133.19,371.75,233.6,378.49,312.52,175.42,330.58,286.71,418.71,464.3,581.64,54.1,101.76,406.88,343.39,100.62,150.78,383.34,352.39,113.25,432.75,450.93,340.67,124.31,112.24,709.69,189.67,106.3,232.51
2019-05-06,132.78,375.3,239.05,372.95,316.35,169.93,337.24,290.4,417.79,453.8,577.61,52.96,100.6,414.74,340.64,94.97,143.67,382.94,365.65,99.2,415.96,464.21,336.48,127.91,110.94,709.31,194.91,98.8,243.07
2019-05-07,137.85,361.81,237.16,377.66,306.22,174.17,328.73,282.67,423.27,461.15,583.64,61.16,101.38,413.99,353.05,93.98,150.21,387.95,355.71,109.66,423.22,466.66,326.46,126.71,126.77,700.24,189.4,93.47,240.47
2019-05-08,129.99,375.48,227.32,385.99,311.0,166.57,346.22,285.95,432.38,463.64,588.19,69.8,94.87,403.97,341.84,94.09,152.61,393.39,358.22,118.32,423.77,458.28,340.67,132.13,114.28,709.69,197.94,90.66,232.15
2019-05-09,132.76,371.08,238.31,376.54,305.22,178.96,329.56,299.71,430.74,464.15,590.95,51.55,89.27,411.89,340.38,87.03,147.67,385.17,365.08,113.51,425.35,465.27,339.45,132.82,107.22,706.68,193.73,89.42,230.07
2019-05-10,139.32,367.62,230.04,375.29,311.61,172.05,338.93,295.5,432.11,453.58,580.82,59.81,104.13,415.71,334.82,93.9,152.33,397.15,354.84,107.19,418.68,452.47,326.15,120.62,118.05,703.83,197.92,99.85,230.52
2019-05-11,127.49,360.14,238.67,374.03,310.0,166.99,328.62,283.65,429.35,464.0,582.28,53.14,100.67,405.73,336.45,102.49,150.36,380.57,367.19,109.46,414.25,464.36,340.17,127.75,111.31,696.75,192.98,101.09,228.47
2019-05-12,128.43,363.83,226.04,373.87,308.55,168.59,335.41,286.96,430.96,459.06,583.63,51.77,105.97,417.91,338.05,90.72,153.01,386.59,354.12,113.09,416.56,453.45,342.78,135.67,125.88,714.47,198.85,96.19,240.98
2019-05-13,124.07,370.61,220.37,370.03,305.62,173.4,335.17,293.38,432.21,460.81,583.05,64.73,99.19,400.93,354.42,96.15,137.11,388.68,354.01,114.25,427.5,465.81,325.06,129.08,118.93,712.33,191.04,100.23,233.22
2019-05-14,126.1,359.33,224.68,368.49,313.58,171.3,334.7,289.13,428.36,455.05,575.04,64.24,94.31,411.69,350.07,90.08,153.89,386.59,365.02,106.23,425.51,449.1,337.33,127.05,115.59,699.65,197.18,91.22,236.35
2019-05-15,136.3,359.17,235.56,384.45,324.04,174.32,330.3,292.57,423.72,459.89,575.03,64.31,91.15,400.35,353.76,91.47,143.04,391.06,362.26,104.19,427.51,456.7,332.29,134.16,124.74,714.23,194.03,87.88,224.62
2019-05-16,129.98,358.87,235.21,366.63,311.35,173.77,342.92,290.68,424.69,448.69,583.69,66.86,86.8,416.08,338.46,92.8,139.72,380.57,371.55,111.01,429.6,462.66,344.45,134.84,118.97,709.76,185.2,89.72,241.81
2019-05-17,135.06,374.65,223.44,379.53,315.81,168.11,327.93,289.42,417.99,464.72,585.29,68.88,99.17,400.5,349.49,98.8,155.42,387.55,352.27,114.4,422.14,457.64,328.0,121.25,115.13,700.82,191.5,95.86,234.85
2019-05-18,126.67,360.18,239.41,375.62,322.15,167.78,345.05,290.99,423.57,453.71,585.49,53.35,103.78,400.43,352.5,94.95,136.95,395.55,360.16,118.57,433.07,458.67,332.55,134.98,116.51,703.04,185.68,105.39,233.85
2019-05-19,137.87,358.31,224.4,375.59,319.19,181.27,329.22,282.95,421.61,454.21,573.78,69.8,86.87,415.25,350.84,99.05,142.11,388.31,356.67,113.99,414.52,456.08,342.91,127.43,123.33,696.06,192.44,98.31,228.78
2019-05-20,134.59,364.48,222.55,367.1,315.99,174.5,328.11,288.57,430.86,450.87,589.05,51.42,88.27,410.15,344.3,93.26,145.61,387.73,352.12,104.7,422.5,463.11,326.9,122.6,117.36,704.3,199.75,96.63,234.9
2019-05-21,126.04,361.64,225.31,381.92,312.4,171.58,336.21,296.59,430.5,463.78,584.54,59.73,90.86,411.18,339.64,99.01,136.22,392.16,365.35,116.34,415.89,450.8,333.55,119.42,123.64,700.85,190.85,106.26,243.16
2019-05-22,127.49,361.44,228.71,373.15,306.13,173.27,336.83,300.05,422.79,463.22,585.16,53.24,105.58,413.04,342.81,88.86,136.27,394.46,364.79,110.44,423.94,450.9,339.54,127.26,119.2,707.16,189.75,105.8,229.02
2019-05-23,122.38,362.57,234.77,379.15,309.17,166.63,335.56,291.16,419.92,459.41,590.8,57.83,106.58,400.73,348.56,99.19,150.87,392.24,366.37,106.57,431.2,466.0,328.33,122.05,116.5,713.9,197.68,88.74,240.58
2019-05-24,122.01,374.29,229.01,368.1,313.91,171.25,336.49,300.16,429.13,455.66,593.39,54.19,91.53,415.92,343.92,86.08,151.58,390.44,365.96,116.85,433.43,464.67,339.56,123.66,122.0,700.51,192.2,101.65,230.55
2019-05-25,131.23,373.06,228.05,367.27,307.91,166.23,342.24,300.07,426.79,454.18,579.34,68.73,89.71,409.42,340.94,93.21,148.09,393.82,362.18,118.54,430.97,455.27,330.31,138.03,109.63,699.31,186.15,98.8,226.49
2019-05-26,138.15,362.26,235.53,377.3,310.18,169.3,330.89,292.77,426.9,459.18,580.9,67.77,96.66,409.24,347.38,93.62,151.07,394.91,369.05,113.87,418.34,449.52,333.01,123.4,123.77,695.74,193.76,87.87,234.66
2019-05-27,134.49,358.94,221.78,366.97,313.77,182.94,338.5,299.51,412.49,448.2,589.67,53.79,87.04,411.12,339.8,88.76,139.19,392.8,356.76,111.92,423.37,459.92,327.35,138.74,115.19,713.89,201.53,100.01,241.51
2019-05-28,135.09,367.27,222.94,385.37,315.51,166.45,327.69,300.45,426.71,463.05,586.93,59.19,92.92,411.73,337.54,93.37,140.24,381.91,358.97,107.33,421.43,462.89,340.87,129.64,113.98,702.28,198.16,91.97,228.38
2019-05-29,130.95,374.41,231.22,375.05,319.18,170.95,342.82,297.51,420.52,452.12,575.35,51.83,104.44,412.91,337.69,96.74,155.15,385.99,365.2,110.49,418.67,456.8,324.98,128.58,109.88,695.94,189.12,101.27,243.11
2019-05-30,139.35,372.84,230.7,374.26,318.32,177.86,341.72,284.68,417.77,456.92,586.09,63.1,100.04,411.3,341.1,101.46,155.61,397.03,370.88,105.76,415.92,459.35,331.21,123.25,109.74,695.41,197.49,96.45,234.9
2019-05-31,124.46,357.35,237.49,366.98,313.18,183.42,339.15,293.69,415.16,452.29,592.87,60.64,94.12,410.38,349.07,102.55,147.07,383.96,358.46,107.54,416.62,461.42,343.9,137.51,111.5,698.48,199.7,101.64,237.62
2019-06-01,132.93,371.98,228.12,382.18,307.49,179.28,332.62,289.49,412.65,464.75,577.48,64.96,89.01,415.13,343.25,97.55,140.19,392.27,358.75,99.75,430.35,450.52,331.35,131.27,111.79,711.85,201.82,93.0,241.13
2019-06-02,135.65,364.94,221.99,383.83,308.06,183.69,343.73,283.62,417.7,465.98,577.22,58.86,89.5,409.79,342.57,90.85,154.9,389.99,359.91,112.03,433.73,456.62,329.6,136.17,125.78,695.7,192.57,91.63,232.77
2019-06-03,132.72,369.86,237.64,378.65,319.14,167.2,341.65,293.19,421.46,465.85,585.36,58.97,90.91,404.76,341.82,92.76,146.96,386.71,359.66,100.17,420.35,457.05,342.66,127.89,117.13,708.48,197.26,104.4,231.45
2019-06-04,125.15,363.21,236.72,383.04,315.95,169.01,333.96,297.71,413.84,451.49,590.96,58.6,106.7,402.71,349.43,95.33,145.38,388.11,362.52,117.1,423.64,455.04,330.37,126.39,112.82,707.29,195.57,106.3,243.57
2019-06-05,131.56,365.75,232.1,378.08,314.4,168.55,338.85,291.61,430.55,461.89,581.4,63.48,87.63,410.05,342.46,88.68,153.18,386.44,355.1,116.24,420.6,455.74,331.16,121.21,117.44,710.74,188.67,91.96,228.84
2019-06-06,126.7,376.21,231.6,374.57,318.78,168.44,344.74,284.78,429.33,448.35,580.59,65.64,100.38,416.87,334.9,92.87,136.92,394.65,364.06,111.73,423.22,453.18,330.76,125.11,124.36,707.22,185.41,103.73,224.79
2019-06-07,127.9,370.93,237.52,382.82,314.46,173.14,338.03,286.52,422.03,466.17,592.82,64.74,90.5,414.5,345.21,92.55,155.39,384.3,356.23,101.69,429.43,457.33,336.42,135.97,122.55,706.19,188.47,104.26,233.11
2019-06-08,131.97,374.02,228.47,367.21,314.18,168.29,346.34,291.71,414.33,462.52,574.23,70.83,102.2,400.23,343.86,101.64,136.86,381.9,361.19,111.27,424.37,454.33,342.61,131.21,125.99,706.14,188.12,104.33,239.09
2019-06-09,139.55,364.86,228.6,384.96,308.21,169.24,329.58,293.21,417.53,450.3,589.91,58.18,90.77,402.92,341.41,85.69,149.35,399.53,354.48,111.46,421.42,459.34,342.1,127.02,121.8,710.48,190.72,97.9,236.53
2019-06-10,136.81,359.35,226.69,367.06,306.38,174.09,328.26,300.29,413.17,466.04,573.74,65.85,100.65,405.11,340.3,90.59,136.22,393.11,351.76,99.68,432.89,450.0,335.9,136.8,119.61,712.79,189.86,96.49,241.42
2019-06-11,122.0,363.39,226.16,385.04,317.47,182.65,327.55,300.12,429.25,451.41,577.1,59.25,88.06,415.65,340.79,86.12,151.43,396.39,370.0,110.39,425.06,461.69,330.14,129.22,110.18,703.63,196.3,88.53,237.4
2019-06-12,138.57,372.4,231.16,368.13,318.78,174.5,347.13,293.33,432.34,452.52,591.25,62.18,90.12,401.7,352.49,103.39,155.16,384.54,360.47,107.86,422.43,454.88,339.23,131.11,110.14,698.39,191.92,93.46,232.37
2019-06-13,121.92,373.91,225.58,371.15,305.45,183.53,332.17,283.73,418.81,463.88,576.96,55.83,99.2,413.91,338.06,94.03,136.15,389.03,357.48,99.02,419.98,450.68,331.62,130.65,107.99,698.19,199.03,99.92,235.24
2019-06-14,132.84,373.0,227.84,368.42,306.86,177.12,334.61,287.46,427.85,455.19,590.47,66.95,87.09,405.3,349.45,91.01,146.92,398.5,358.51,102.08,427.99,452.66,340.19,136.61,117.99,711.28,198.84,102.39,238.04
2019-06-15,128.43,369.79,238.82,373.79,306.31,183.56,338.67,285.04,428.85,448.04,584.83,63.88,92.81,411.68,351.54,88.84,150.36,393.96,357.32,115.28,417.13,446.86,328.06,134.21,119.1,713.97,199.24,95.19,236.5
2019-06-16,126.94,360.09,225.92,374.52,324.38,171.0,328.26,292.47,421.33,461.42,573.77,64.4,101.91,413.33,351.61,99.48,138.58,382.47,365.59,109.5,431.59,464.0,334.59,125.58,114.83,695.86,199.76,90.88,226.37
2019-06-17,129.55,357.95,236.62,377.88,309.34,167.08,340.0,290.07,430.24,456.95,592.36,65.85,97.87,414.72,353.58,94.24,137.21,395.0,371.47,104.7,433.49,449.51,336.18,123.03,115.13,712.0,196.65,87.18,226.93
2019-06-18,139.27,375.55,221.75,379.61,311.69,178.22,343.72,289.23,426.74,463.3,579.03,54.25,97.86,414.23,342.75,99.76,137.8,389.49,361.97,103.64,430.17,465.94,341.75,136.39,125.45,698.07,187.87,101.32,226.35
2019-06-19,124.2,368.17,225.62,371.43,322.16,175.93,334.09,301.93,427.26,450.26,582.84,59.23,92.52,410.63,352.44,88.25,145.73,383.86,369.36,108.46,429.92,457.58,330.62,124.01,111.69,704.93,188.32,102.87,235.78
2019-06-20,141.37,371.42,238.66,368.14,309.39,172.89,328.14,294.44,429.39,465.71,581.74,65.83,105.1,417.6,344.91,85.97,147.82,382.93,366.97,107.26,416.17,462.5,342.21,130.46,116.64,702.21,188.11,100.28,225.15
2019-06-21,122.68,374.35,224.77,369.97,322.94,169.47,335.91,301.85,431.66,465.77,589.36,66.13,106.52,407.1,345.08,93.67,143.92,396.67,358.5,104.33,428.09,457.21,333.29,133.58,112.68,705.51,192.93,91.02,232.21
2019-06-22,124.36,360.62,219.66,372.96,316.98,173.05,346.86,290.92,427.63,458.16,588.44,58.75,90.54,415.07,344.5,95.85,143.53,395.66,358.64,110.58,417.23,456.21,330.6,123.39,107.16,714.19,192.7,104.8,234.6
2019-06-23,127.7,358.03,233.42,370.67,313.94,179.56,330.6,297.79,419.64,467.54,580.15,52.17,104.7,412.18,341.33,88.1,149.04,390.41,356.12,111.5,423.31,463.97,325.6,121.93,113.63,701.23,183.81,105.74,234.86
2019-06-24,138.32,360.32,226.52,382.82,318.38,165.35,339.2,294.64,418.79,457.86,590.17,51.78,86.79,407.17,334.68,90.9,144.69,381.16,364.21,112.86,426.27,464.07,328.48,119.77,121.12,710.96,196.29,88.64,237.32
2019-06-25,128.48,357.87,227.27,377.33,304.78,168.9,335.98,290.8,421.44,458.53,576.14,61.39,104.05,410.65,336.54,99.06,142.47,388.41,358.97,118.36,427.13,453.77,338.9,136.1,115.08,714.35,198.76,89.99,237.91
2019-06-26,126.97,373.37,234.39,373.39,309.19,178.05,334.4,290.42,416.1,451.33,583.61,61.2,99.49,411.3,347.66,99.45,153.86,385.46,367.45,118.1,424.72,454.72,331.55,136.18,119.11,704.35,183.68,89.84,232.75
2019-06-27,129.57,365.15,221.31,378.52,318.57,165.92,337.81,294.17,415.75,458.17,591.51,71.31,100.94,407.98,335.58,89.11,146.27,385.08,371.04,109.51,419.53,462.36,341.72,136.01,119.22,706.49,196.59,102.84,230.53
2019-06-28,133.26,364.05,237.18,371.14,321.72,183.82,329.81,289.1,422.87,448.5,575.87,70.14,99.7,414.39,354.49,102.53,153.05,385.18,362.19,117.28,422.55,464.54,329.75,122.12,108.09,704.41,202.55,96.48,226.05
2019-06-29,139.81,357.28,234.35,379.11,318.66,166.69,343.74,286.42,426.1,453.32,590.41,68.58,104.97,417.98,345.75,97.63,145.99,399.43,370.1,115.04,421.55,459.89,329.4,128.69,125.42,706.53,198.55,91.47,227.79
2019-06-30,130.16,371.43,223.75,379.83,315.47,165.07,327.43,287.88,414.8,461.48,593.45,53.79,98.74,401.64,342.11,89.77,149.34,388.84,359.32,115.82,414.62,465.86,340.36,135.24,117.67,703.59,195.58,100.62,227.95
2019-07-01,101.7,301.03,199.6,321.44,255.11,141.34,282.57,235.59,355.97,389.3,476.97,57.27,78.82,345.05,291.74,72.95,115.44,327.19,293.29,98.57,363.02,377.96,287.63,115.78,100.36,581.1,164.5,80.97,200.22
2019-07-02,107.64,303.31,184.84,318.25,271.66,146.51,276.72,253.15,348.78,377.25,486.97,46.47,87.9,343.84,281.12,71.13,118.34,325.12,307.0,81.46,357.98,381.17,272.66,114.24,103.18,584.41,154.8,84.62,193.49
2019-07-03,108.93,305.57,187.93,313.48,252.82,149.8,287.8,237.9,342.2,385.36,496.19,48.04,79.16,344.22,282.65,68.91,128.8,332.87,310.65,89.95,352.35,371.0,278.66,108.79,92.25,577.91,166.77,88.01,185.54
2019-07-04,112.66,310.52,188.05,316.64,258.31,141.13,271.97,248.43,343.01,381.88,491.6,42.78,79.62,332.29,291.5,86.16,121.64,322.67,309.57,89.47,344.55,390.29,275.2,108.65,94.4,582.27,158.59,90.18,193.19
2019-07-05,111.15,310.7,191.13,308.95,266.01,150.46,271.98,240.81,351.83,388.83,490.91,53.31,71.6,335.61,289.5,83.17,128.89,329.89,301.77,87.99,343.9,377.12,284.75,106.71,89.72,590.72,161.18,77.11,192.28
2019-07-06,115.98,315.73,197.85,309.09,269.52,135.73,289.99,239.27,356.23,383.75,480.75,57.25,85.04,337.41,278.82,72.27,124.48,316.44,300.3,94.18,354.68,387.48,271.7,109.54,103.35,579.98,155.32,83.53,190.13
2019-07-07,104.96,298.03,200.37,307.56,265.16,154.56,288.25,235.08,357.48,386.76,477.64,52.35,86.03,345.76,281.65,71.04,113.95,334.11,298.81,82.13,343.36,373.64,270.88,107.5,94.89,590.99,152.07,70.64,187.85
2019-07-08,109.62,310.99,181.74,314.35,265.19,147.86,280.61,250.23,357.99,390.85,485.29,45.52,90.25,348.16,278.62,77.89,129.6,333.68,308.43,84.74,354.87,372.66,272.77,98.27,89.56,589.37,163.81,90.58,194.09
2019-07-09,113.69,312.71,198.77,316.96,257.1,151.65,284.19,244.62,349.62,376.75,491.82,53.95,84.4,349.0,293.48,87.23,126.88,327.86,299.21,83.84,352.09,379.48,281.46,110.79,92.75,581.98,169.43,87.72,186.26
2019-07-10,117.85,296.46,197.89,309.2,261.27,137.84,276.95,244.46,359.47,382.32,492.4,52.21,81.45,336.5,281.95,80.84,124.41,315.82,302.32,99.6,355.09,375.19,273.38,100.9,101.63,587.36,162.19,77.44,185.58
2019-07-11,115.82,307.64,194.56,308.83,261.84,145.21,274.71,243.5,353.15,374.88,486.7,56.23,78.79,339.44,292.32,74.26,122.9,323.07,292.17,90.73,353.89,382.65,269.23,101.74,92.2,594.22,166.95,79.5,198.01
2019-07-12,113.62,305.27,196.24,309.99,266.17,139.81,288.25,235.84,348.01,390.83,478.04,52.06,83.01,346.15,297.13,86.45,128.89,330.04,299.94,95.95,361.36,389.49,287.09,108.98,107.0,585.9,154.19,81.7,201.66
2019-07-13,119.25,305.66,185.02,314.27,260.1,145.43,280.6,246.38,350.37,376.49,482.81,56.25,77.43,334.2,280.16,79.58,130.42,331.37,305.96,97.07,343.54,379.98,284.79,101.93,103.68,583.85,162.75,78.77,197.17
2019-07-14,113.68,300.36,191.31,306.75,267.44,152.56,272.89,237.56,347.32,378.88,486.05,57.31,71.41,333.22,288.15,73.21,125.69,330.53,297.3,89.62,361.66,382.63,274.13,106.54,93.3,592.58,170.0,81.75,188.97
2019-07-15,100.57,315.38,194.74,318.94,270.87,142.24,283.38,242.02,342.5,379.5,494.42,58.56,81.87,337.35,283.91,85.57,114.3,331.72,294.02,89.16,362.51,373.5,287.56,100.76,94.85,597.32,169.61,88.59,193.1
2019-07-16,119.74,308.97,185.62,316.06,256.67,152.87,278.92,248.81,351.98,389.05,482.38,58.71,79.23,334.76,283.89,86.43,112.26,318.88,305.73,84.16,358.08,380.2,274.05,98.35,102.14,579.54,157.03,90.02,190.84
2019-07-17,114.55,304.54,183.55,319.74,258.08,141.74,278.9,251.99,345.67,374.81,485.37,41.34,87.4,339.53,290.71,81.76,123.08,331.55,292.69,82.78,345.99,373.13,273.73,110.3,94.99,594.46,161.67,78.11,192.42
2019-07-18,111.95,308.49,192.04,317.3,253.55,136.22,272.82,237.24,353.19,382.77,490.3,57.56,84.11,349.05,277.77,72.43,119.27,334.85,291.38,82.1,361.96,390.5,281.32,110.41,87.8,589.07,167.05,79.03,200.96
2019-07-19,111.35,304.66,183.27,308.03,255.63,152.07,274.37,249.89,354.33,376.74,487.7,47.5,72.52,346.32,278.59,86.42,126.67,316.88,304.77,93.66,347.17,372.15,278.15,104.97,101.26,586.09,168.95,75.45,199.38
2019-07-20,117.13,312.28,184.07,321.97,264.64,146.04,272.85,237.48,356.29,379.16,486.97,59.71,83.52,334.42,288.03,72.29,123.26,321.02,291.71,96.08,353.65,384.07,287.24,116.38,98.33,584.15,156.39,76.12,195.16
2019-07-21,118.08,299.65,184.03,313.32,254.83,154.67,282.56,239.09,349.29,380.58,494.46,41.62,85.33,332.06,293.59,75.21,123.45,324.52,292.1,89.1,358.72,375.23,274.74,107.08,103.19,588.15,156.77,85.69,198.2
2019-07-22,108.64,305.37,186.43,319.57,252.92,147.87,288.62,239.85,351.96,378.97,494.19,56.29,77.76,339.1,287.56,70.87,116.38,334.0,294.83,89.75,362.0,388.2,277.67,105.09,101.63,589.73,151.65,80.95,193.17
2019-07-23,116.29,300.83,196.9,322.97,267.3,155.18,285.17,245.08,351.59,383.43,481.12,49.88,72.88,335.35,282.33,86.15,125.81,324.58,304.35,86.58,359.99,377.67,272.63,99.3,105.09,580.05,162.22,88.12,198.69
2019-07-24,109.7,304.86,187.92,318.37,257.38,149.59,288.92,241.83,343.99,382.17,481.04,49.79,87.58,342.68,290.69,80.46,129.62,324.35,311.25,92.06,346.05,370.99,269.21,99.15,103.56,585.65,169.54,72.26,201.86
2019-07-25,101.25,309.68,181.38,312.38,265.69,143.52,272.14,239.58,345.49,384.02,494.23,49.61,72.57,333.76,291.92,82.37,127.9,330.88,303.4,90.55,360.17,377.83,281.84,98.58,91.28,591.6,162.6,79.21,204.32
2019-07-26,104.79,302.83,183.2,309.44,269.84,135.76,274.59,246.17,351.01,389.64,494.39,51.01,81.63,338.46,282.81,82.86,127.42,330.25,301.03,90.92,359.66,385.96,281.96,102.04,93.21,597.08,151.96,83.82,191.42
2019-07-27,112.46,303.89,185.74,318.67,260.62,147.3,285.24,240.76,357.63,373.17,482.62,53.38,86.39,339.08,287.09,84.67,127.78,315.65,296.59,99.3,343.56,386.21,284.98,116.11,91.16,582.64,154.83,86.82,192.85
2019-07-28,109.81,298.67,193.23,309.91,252.77,150.39,279.02,253.18,353.97,386.88,481.88,44.11,70.7,342.9,280.0,72.46,117.18,318.61,304.84,86.12,348.95,383.21,277.98,108.81,104.1,578.48,163.34,75.29,203.77
2019-07-29,115.84,296.66,199.99,321.48,266.06,143.98,284.48,245.57,349.79,374.19,477.26,56.93,88.27,340.16,296.19,83.59,114.87,322.46,293.25,87.75,350.21,384.07,269.17,107.04,95.29,591.07,162.64,76.61,186.89
2019-07-30,117.23,298.45,193.02,305.7,266.82,155.33,289.93,242.42,356.63,382.15,490.1,50.4,76.41,346.0,278.4,81.62,113.18,320.54,303.05,94.96,345.49,370.93,278.19,99.76,95.21,587.16,153.4,74.51,200.01
2019-07-31,100.53,312.73,181.33,321.45,256.37,151.99,284.38,234.07,351.37,385.53,495.5,58.16,75.02,330.88,282.02,72.62,127.62,318.18,301.64,90.21,362.19,371.22,274.84,112.16,99.08,589.91,163.59,81.52,192.67
2019-08-01,100.68,299.37,181.55,313.11,269.57,136.59,271.67,253.69,359.73,388.81,489.4,41.82,73.4,336.02,296.23,86.02,130.45,325.34,298.6,96.44,362.0,390.61,288.27,99.43,88.65,577.81,157.56,71.77,197.78
2019-08-02,100.21,312.07,190.24,308.61,265.3,153.58,289.7,249.81,358.5,378.69,485.34,56.37,81.1,344.69,289.44,85.87,130.14,332.75,309.79,90.22,346.02,390.39,283.04,110.98,101.45,592.39,156.89,86.17,202.17
2019-08-03,116.82,309.23,188.63,307.21,263.65,146.3,276.87,238.77,344.13,387.66,492.32,56.32,80.77,348.73,278.56,85.79,124.75,322.39,295.46,88.09,353.83,377.36,273.2,115.37,96.25,580.72,162.87,71.78,197.73
2019-08-04,116.26,314.17,182.42,318.38,266.24,136.6,283.15,253.38,350.56,372.87,496.1,46.8,76.0,338.21,294.44,72.78,125.42,322.92,300.49,97.14,360.57,373.15,270.6,100.49,104.44,593.43,157.08,74.3,202.69
2019-08-05,102.99,312.56,195.0,308.44,263.22,138.2,283.42,251.33,342.38,376.45,495.83,51.01,75.57,335.41,290.23,75.81,118.03,320.07,301.23,99.63,345.48,376.33,269.37,108.99,96.18,597.53,167.24,90.55,197.5
2019-08-06,115.56,308.51,187.36,314.1,266.96,135.71,286.87,241.66,356.25,375.52,495.12,41.37,73.36,333.26,291.76,74.26,113.38,327.87,300.02,80.84,358.4,374.76,279.23,112.37,96.15,584.48,164.42,74.43,202.7
2019-08-07,102.21,305.22,185.21,319.56,263.21,145.19,275.6,237.9,355.65,375.49,482.4,47.2,81.54,342.07,288.75,81.2,129.58,323.47,291.51,84.83,349.68,376.9,280.4,102.29,95.02,584.98,153.06,81.3,189.61
2019-08-08,110.05,307.42,188.48,322.76,266.23,143.17,280.19,244.4,347.8,389.87,494.46,51.45,82.09,331.01,283.58,78.41,116.11,315.67,299.15,91.0,355.34,384.56,285.8,108.68,96.94,580.12,159.61,75.73,195.74
2019-08-09,117.89,312.24,193.01,322.35,252.78,141.61,290.85,241.12,347.81,372.4,483.56,44.59,76.74,334.89,287.7,86.0,126.83,328.6,299.48,97.9,348.03,385.05,279.3,108.78,91.96,584.21,164.98,82.1,196.72
2019-08-10,101.46,298.79,192.31,312.69,260.07,141.24,271.54,251.64,357.12,380.0,480.95,41.21,84.96,340.88,284.84,87.6,128.86,318.48,296.45,93.3,362.09,378.35,275.46,99.57,100.32,582.62,167.17,83.47,188.92
2019-08-11,115.32,309.43,182.97,307.99,259.21,139.59,279.45,236.58,359.11,379.66,483.24,48.99,84.16,337.23,290.65,76.14,120.19,324.37,291.46,82.23,357.92,383.62,287.6,98.04,102.04,585.98,171.21,82.54,185.43
2019-08-12,117.81,305.1,184.78,304.93,271.87,142.47,284.49,241.18,352.89,385.11,478.08,51.21,86.44,344.02,281.42,82.91,121.55,333.59,295.63,90.18,355.89,387.51,283.05,106.79,92.25,597.36,166.34,84.8,189.33
2019-08-13,116.26,310.37,201.22,312.03,269.63,144.46,287.45,246.23,343.69,374.21,492.84,45.79,79.37,338.49,291.91,71.97,131.4,331.78,306.36,99.3,348.52,388.26,281.04,104.41,106.29,585.99,164.47,86.81,187.76
2019-08-14,114.67,309.25,194.55,322.78,270.28,154.75,282.07,252.31,349.31,376.46,477.07,57.87,85.54,340.68,284.99,68.65,112.44,325.16,298.98,93.43,350.68,377.37,275.75,103.05,89.34,592.44,164.18,90.04,185.42
2019-08-15,116.43,314.28,193.94,318.01,265.19,153.98,280.82,248.01,353.62,376.84,476.43,54.26,72.45,347.19,280.35,84.64,120.17,316.47,301.78,86.28,353.68,387.93,288.57,99.92,88.65,591.73,168.82,84.32,203.13
2019-08-16,105.37,312.64,199.37,321.39,257.62,152.58,278.87,249.7,347.59,382.36,491.93,53.32,78.05,332.77,286.15,80.34,113.44,327.97,298.75,87.01,357.42,386.12,280.09,99.07,95.8,596.36,168.6,83.17,204.75
2019-08-17,105.11,308.73,200.63,317.72,254.19,137.74,272.17,253.14,347.35,380.62,490.62,54.58,71.97,347.28,289.42,76.81,128.7,317.26,304.36,91.98,360.71,372.85,272.6,114.85,97.12,578.47,170.77,89.18,204.3
2019-08-18,115.4,309.57,192.11,312.43,266.15,136.57,282.4,251.6,352.38,384.78,493.09,51.68,85.68,345.09,287.99,80.31,114.25,317.07,303.19,86.0,346.56,382.35,273.49,102.34,96.57,581.73,151.78,75.83,203.93
2019-08-19,101.33,305.22,196.45,318.7,260.31,147.69,285.26,237.32,352.67,373.38,484.58,59.69,87.23,342.45,280.56,78.66,111.73,321.55,309.25,93.11,346.78,381.26,271.17,103.34,106.66,580.79,167.18,75.74,185.22
2019-08-20,100.8,315.79,196.31,321.69,257.05,141.18,284.34,245.97,354.54,391.3,494.9,47.39,82.46,335.19,281.59,80.39,117.29,332.93,308.35,89.88,356.19,376.09,283.46,117.12,91.7,590.22,163.58,72.53,202.39
2019-08-21,107.03,295.96,182.01,309.15,252.96,150.22,289.92,248.5,352.7,381.85,482.06,52.96,77.9,336.46,291.6,78.15,115.63,333.87,291.79,94.91,344.35,372.94,269.7,113.14,90.36,596.26,159.91,86.19,189.75
2019-08-22,108.16,310.37,188.89,315.55,267.87,145.64,280.18,250.17,344.95,390.78,492.88,56.18,83.73,340.34,280.51,83.31,126.45,327.62,294.43,88.11,343.59,374.64,285.06,101.03,106.07,584.29,152.26,80.05,185.38
2019-08-23,105.88,307.69,191.09,315.06,255.34,143.28,288.9,248.98,351.76,378.02,493.18,48.34,89.61,331.72,295.04,85.98,113.04,322.83,300.23,85.0,346.45,385.03,287.17,108.24,89.92,592.94,168.5,87.7,199.5
2019-08-24,104.28,311.01,182.38,313.67,258.28,135.62,280.76,239.24,343.46,389.39,488.23,51.39,81.71,340.9,291.83,69.5,121.79,326.49,299.35,90.75,344.11,371.12,284.15,115.75,92.93,582.31,168.79,84.82,204.49
2019-08-25,117.49,306.35,199.97,309.14,260.5,135.61,289.23,244.07,353.34,388.65,492.47,46.71,73.22,345.24,279.09,81.13,115.61,316.68,301.25,100.48,351.6,373.81,272.32,105.72,94.42,583.96,163.59,88.67,202.56
2019-08-26,116.27,314.47,195.31,310.0,268.04,141.03,283.12,240.69,356.77,388.64,479.31,49.41,89.32,341.21,281.94,69.2,111.86,316.91,293.53,85.99,344.19,383.89,289.0,110.36,99.84,588.03,160.2,72.6,194.0
2019-08-27,119.1,310.92,185.56,318.11,260.12,148.2,288.08,242.5,359.59,374.21,490.99,60.72,89.08,341.2,292.46,88.43,118.56,317.03,298.57,84.99,350.45,372.68,285.23,113.28,101.86,592.07,158.47,74.49,204.94
2019-08-28,103.76,306.16,186.84,319.55,260.34,136.4,284.5,245.83,360.74,373.1,491.93,47.41,85.31,349.08,295.4,87.96,123.82,318.04,304.29,94.86,343.6,370.8,287.34,102.26,104.44,595.51,162.39,90.5,201.65
2019-08-29,107.5,298.26,185.02,304.81,271.84,154.69,285.5,233.96,346.07,377.07,495.49,53.78,77.42,343.23,284.2,74.47,123.75,330.67,300.94,86.31,345.34,377.1,281.9,111.02,95.97,592.08,157.98,72.53,204.26
2019-08-30,116.47,315.36,195.83,313.88,256.33,150.34,271.32,248.17,354.55,388.52,478.88,48.24,86.63,337.16,287.91,84.08,124.08,325.99,300.61,90.01,357.64,376.97,271.65,109.46,91.68,580.48,152.11,80.44,191.5
2019-08-31,107.95,315.45,185.21,307.13,255.23,138.28,285.04,236.61,351.16,385.81,487.95,56.55,86.86,348.82,283.35,86.96,124.6,328.93,301.79,93.12,343.84,376.73,278.73,104.45,87.47,584.46,162.13,75.84,194.91
2019-09-01,110.08,298.41,197.14,308.0,261.03,145.73,272.12,236.06,358.12,388.89,480.38,51.19,87.07,338.42,291.7,78.55,115.42,318.04,292.3,93.49,361.24,372.1,278.73,111.44,92.79,578.54,158.56,83.98,197.54
2019-09-02,109.54,298.74,182.66,319.78,270.01,137.42,285.48,236.6,357.58,375.06,482.02,54.86,83.24,348.73,278.8,73.85,125.76,331.86,298.32,93.97,348.6,382.6,276.36,111.54,93.43,593.98,164.85,73.23,191.34
2019-09-03,108.61,314.95,199.01,319.01,261.03,151.17,277.04,242.48,357.95,383.6,479.42,44.46,72.21,343.23,282.34,85.78,126.16,317.42,298.65,95.91,345.58,390.6,270.32,101.05,92.31,581.53,166.92,83.62,195.04
2019-09-04,108.26,303.62,185.6,323.16,262.63,145.26,281.45,237.99,356.55,381.63,479.42,43.54,84.89,341.26,288.11,87.87,124.38,326.35,299.93,89.04,351.93,373.06,270.02,114.99,105.85,582.06,161.63,82.96,196.37
2019-09-05,117.75,303.79,184.31,317.46,256.45,136.88,275.14,252.61,352.22,377.51,486.62,41.22,86.01,342.77,291.9,81.93,120.41,316.51,303.11,98.32,359.03,380.41,279.07,111.06,88.25,577.84,165.46,81.62,192.27
2019-09-06,117.73,297.7,198.24,312.18,256.72,152.21,280.95,248.86,360.62,379.96,484.61,41.81,82.86,336.69,295.11,87.94,120.49,334.18,307.26,92.39,354.66,387.79,275.91,116.39,87.72,583.59,169.94,89.42,203.24
2019-09-07,118.92,298.46,197.47,317.46,253.43,140.56,287.61,245.36,348.49,389.6,484.9,51.18,79.01,343.17,294.46,85.93,122.43,333.97,305.83,96.92,345.82,376.14,275.41,97.61,91.11,581.66,167.96,79.8,195.63
2019-09-08,103.72,314.71,184.01,311.48,256.64,155.03,275.33,242.2,354.67,381.68,488.87,59.72,79.52,349.58,294.49,83.49,115.54,321.53,297.09,83.12,359.67,386.87,284.21,115.46,104.04,578.88,161.17,75.01,192.48
2019-09-09,102.17,299.57,181.41,321.46,266.71,138.88,289.62,237.72,343.25,384.25,491.31,48.62,71.19,334.97,285.41,76.72,123.56,315.93,299.64,99.87,349.97,387.26,278.75,114.1,88.49,584.9,162.88,84.65,202.6
2019-09-10,112.0,306.47,183.7,317.26,265.35,143.94,286.14,250.96,343.56,388.4,491.81,59.95,86.65,342.81,278.92,86.54,127.13,321.95,304.56,87.34,355.47,372.43,283.82,115.54,99.11,583.82,164.82,72.78,193.43
2019-09-11,119.45,302.51,190.78,323.05,260.64,139.35,291.03,245.49,349.11,374.27,479.17,48.07,74.77,349.41,285.16,75.67,124.29,320.84,296.13,81.32,352.8,371.78,285.95,100.73,104.16,582.05,166.84,79.34,201.65
2019-09-12,109.8,308.6,186.18,310.16,270.12,145.23,285.19,239.65,345.07,375.58,490.36,46.29,89.43,330.92,294.01,85.0,121.1,319.7,307.44,99.83,348.34,370.7,271.5,100.58,92.55,586.8,163.15,88.92,196.55
2019-09-13,114.1,312.05,185.66,307.34,252.58,150.81,271.95,239.61,357.06,383.37,477.24,55.59,82.91,342.29,293.63,83.71,126.06,323.63,310.21,90.01,345.52,379.8,284.77,104.76,106.91,591.56,162.59,87.0,186.76
2019-09-14,118.57,313.74,199.62,304.39,270.72,145.83,274.46,249.88,353.91,378.68,494.87,47.29,77.36,346.9,284.94,70.85,116.63,327.88,291.46,83.26,344.93,382.65,281.38,110.43,94.42,583.47,158.59,73.38,204.64
2019-09-15,105.75,306.74,184.3,308.24,253.7,151.34,286.09,240.42,342.87,383.02,482.02,54.99,85.59,342.71,293.69,70.51,119.89,327.59,293.74,94.14,345.11,382.49,274.68,97.39,98.9,592.54,164.33,79.16,204.13
2019-09-16,117.53,315.05,183.53,311.55,252.82,147.28,285.55,246.76,346.05,371.91,490.05,44.06,80.34,333.86,294.1,76.31,115.18,327.48,307.95,84.76,352.41,378.89,278.24,114.71,104.97,592.62,162.13,85.65,189.33
2019-09-17,107.81,298.58,181.79,318.76,268.91,147.65,274.17,239.34,349.72,382.76,487.39,48.64,72.93,342.29,294.3,69.11,124.33,330.55,306.53,93.21,357.76,383.53,289.11,113.94,91.53,587.78,160.48,76.69,195.36
2019-09-18,108.47,303.38,194.45,313.73,252.45,140.56,275.87,235.85,346.97,377.16,479.83,54.76,84.55,348.43,286.92,78.81,123.78,330.91,308.08,94.77,344.43,380.74,276.86,104.16,92.35,594.61,153.22,74.18,202.83
2019-09-19,106.47,305.87,191.16,304.94,256.49,150.26,289.94,236.28,354.39,384.93,485.45,43.91,77.34,332.3,290.31,88.05,122.53,318.82,308.42,86.73,347.03,386.7,282.47,102.78,94.74,592.42,167.29,74.3,190.56
2019-09-20,116.35,303.14,193.84,318.62,252.23,148.56,271.39,245.3,348.76,384.72,481.29,53.85,86.38,344.69,285.19,79.94,127.31,318.93,297.59,81.4,351.01,380.37,274.84,99.4,92.73,592.59,169.86,80.31,200.83
2019-09-21,114.99,296.94,197.37,321.49,271.47,153.62,272.05,246.16,356.61,387.94,482.32,51.2,85.4,346.16,284.93,78.28,112.17,324.77,310.09,90.86,355.7,381.39,271.97,105.53,96.73,580.75,158.95,88.51,197.99
2019-09-22,106.42,310.71,198.29,318.37,271.9,141.37,283.51,238.39,359.74,377.48,479.05,46.35,74.31,335.97,289.42,71.98,112.06,321.84,305.3,85.47,357.98,382.51,282.47,112.92,95.11,583.7,166.08,82.98,188.9
2019-09-23,114.86,304.43,181.55,312.37,259.03,140.61,282.88,251.38,360.58,373.37,491.11,59.08,76.03,336.22,280.7,78.59,129.42,315.81,309.8,83.96,358.92,370.67,281.99,107.34,94.12,589.12,169.95,89.99,188.87
2019-09-24,115.49,310.82,186.88,314.2,259.4,152.12,283.68,246.32,345.54,372.27,496.1,48.49,79.67,337.98,286.21,78.59,128.03,320.81,303.5,88.6,345.13,380.08,282.78,107.83,96.9,581.81,157.03,77.15,186.82
2019-09-25,110.28,312.38,182.15,323.29,260.4,140.46,274.11,243.53,354.4,381.47,485.44,42.22,90.43,337.77,293.33,72.6,114.83,331.5,306.93,94.17,362.07,372.48,281.0,117.28,89.99,587.94,151.95,80.26,196.58
2019-09-26,119.11,302.24,186.35,313.41,266.51,136.21,284.06,250.15,350.91,376.6,481.16,60.39,87.02,334.25,287.27,87.83,130.38,320.54,292.69,99.68,356.11,383.09,269.43,97.85,88.2,593.54,152.46,70.96,185.46
2019-09-27,109.38,313.58,199.61,316.87,270.15,136.25,283.46,249.94,347.81,373.7,480.71,56.59,77.42,338.39,277.28,85.88,120.51,325.02,305.92,88.25,359.16,386.93,280.42,101.27,100.84,595.87,169.63,77.23,204.56
2019-09-28,106.93,313.18,199.55,312.86,263.49,139.0,279.89,237.36,347.12,380.66,480.37,56.16,80.38,347.74,283.99,74.03,112.81,333.51,293.32,97.44,346.27,383.13,273.2,108.53,104.85,586.35,162.04,88.77,197.51
2019-09-29,111.04,298.49,183.26,313.66,260.98,150.66,276.44,240.82,350.8,376.71,488.82,48.18,78.15,342.31,289.96,84.3,125.21,322.6,306.85,82.43,356.46,388.15,281.6,112.54,87.64,588.35,155.74,87.76,199.81
2019-09-30,100.68,297.69,187.27,316.95,261.42,147.14,286.9,244.57,342.69,374.17,494.22,44.99,80.25,341.17,278.92,73.72,118.6,321.07,295.15,89.02,348.47,384.1,281.22,115.58,90.24,590.52,168.58,75.71,200.24
2019-10-01,105.79,304.51,192.91,308.3,256.31,151.34,274.4,238.8,356.37,389.28,480.23,50.39,74.48,338.7,281.86,79.87,111.68,316.24,293.81,94.92,343.44,388.14,287.58,114.53,98.28,587.71,161.31,82.6,185.31
2019-10-02,115.19,310.61,184.48,308.65,259.6,144.35,275.69,249.19,349.12,387.78,480.12,44.09,72.84,340.32,294.47,76.41,114.43,331.01,308.41,100.1,357.19,375.12,276.78,100.05,97.69,590.58,152.83,72.5,189.15
2019-10-03,118.29,314.42,196.2,304.0,256.4,154.51,290.01,245.97,348.54,379.78,481.74,48.51,74.69,330.68,292.91,78.17,111.62,334.84,302.05,85.99,359.28,376.74,270.4,107.47,99.82,589.41,162.84,88.86,193.98
2019-10-04,113.68,302.02,187.9,323.04,257.27,151.42,279.62,248.68,347.02,375.42,495.63,47.24,85.99,337.46,293.98,76.9,120.26,323.35,310.79,95.84,357.12,388.82,273.37,105.01,96.0,585.37,151.34,85.12,192.69
2019-10-05,113.84,301.53,185.74,306.43,260.3,143.62,274.71,243.98,350.91,384.71,494.36,54.12,87.99,336.06,284.94,87.88,126.24,326.46,294.47,85.76,360.47,374.99,286.09,106.99,100.09,582.6,167.58,87.48,186.85
2019-10-06,112.09,300.37,192.03,318.07,257.51,153.33,287.88,241.74,358.69,389.7,493.79,49.98,78.48,346.54,285.53,75.9,125.43,318.73,292.03,91.91,354.14,372.88,275.87,115.9,97.46,587.05,159.05,86.88,186.61
2019-10-07,106.86,300.74,192.84,321.88,260.98,140.85,278.74,239.55,359.96,371.91,492.86,53.56,82.28,334.48,291.15,76.08,121.28,323.89,297.16,99.12,362.86,380.42,288.81,115.66,99.98,590.45,162.29,82.28,201.06
2019-10-08,119.32,300.68,189.56,310.1,263.59,137.96,285.84,239.17,348.0,380.51,490.08,47.27,83.93,344.08,289.29,73.54,128.28,323.14,304.34,96.67,362.56,388.7,286.98,99.12,107.11,597.7,155.03,78.33,191.95
2019-10-09,115.99,309.53,193.75,314.84,255.25,151.49,289.35,238.83,361.55,387.24,493.3,51.18,72.34,343.11,291.71,69.36,116.68,325.16,296.82,89.61,352.88,386.17,287.78,100.3,88.79,584.91,163.55,79.95,192.78
2019-10-10,102.33,299.1,192.84,306.32,262.64,145.99,283.75,246.58,359.63,388.26,482.85,57.83,83.64,342.35,292.72,79.66,118.76,318.41,310.65,92.02,355.32,390.33,269.2,116.2,90.05,579.21,154.01,81.15,201.75
2019-10-11,104.13,315.72,183.23,303.87,266.5,139.67,288.22,246.07,354.88,382.01,494.52,45.38,75.15,341.53,294.82,69.63,116.67,319.37,293.92,86.83,358.9,387.21,288.92,98.96,99.02,586.86,160.49,87.8,194.5
2019-10-12,117.7,310.48,188.43,312.23,255.92,149.44,286.38,238.2,355.33,382.52,492.25,43.47,81.47,348.02,291.04,71.83,115.02,319.54,292.17,82.87,354.22,380.58,272.62,112.17,92.27,582.63,155.69,81.16,192.83
2019-10-13,103.38,312.89,183.65,317.09,255.78,152.71,277.23,250.8,351.55,383.73,495.2,52.33,78.56,331.7,285.39,77.67,125.59,316.41,308.36,91.39,351.47,383.27,286.36,109.0,87.83,597.73,168.72,85.18,186.6
2019-10-14,107.11,311.86,193.74,309.57,260.61,149.24,275.54,238.06,354.94,383.61,489.62,49.33,72.73,346.85,282.89,86.6,122.8,328.71,292.12,85.7,351.67,388.92,271.74,101.71,106.05,591.04,153.9,74.53,188.52
2019-10-15,117.98,300.07,188.82,317.14,266.32,140.16,285.86,242.21,354.69,375.38,483.16,41.49,86.77,336.37,287.25,80.66,116.13,321.31,293.54,84.57,351.78,381.63,277.51,116.99,102.34,585.73,152.54,84.46,202.02
2019-10-16,115.13,295.89,196.99,313.96,260.69,152.27,281.2,250.27,342.32,381.41,482.56,47.61,71.25,336.4,288.49,80.73,117.4,315.64,294.31,85.63,351.81,371.06,274.16,114.21,104.45,593.25,165.67,81.07,188.41
2019-10-17,111.08,311.2,198.83,317.37,255.81,143.65,274.87,252.86,355.67,377.22,494.69,58.47,87.04,335.06,278.79,79.95,123.03,323.27,310.82,84.62,346.12,383.57,287.46,100.95,107.05,596.24,155.83,80.23,196.73
2019-10-18,110.75,307.01,196.17,312.92,261.31,138.08,275.6,241.03,356.15,376.84,478.36,60.56,71.4,340.65,279.41,86.7,130.3,318.89,291.56,82.35,358.44,379.8,272.9,115.51,92.48,580.28,168.22,79.87,199.52
2019-10-19,108.61,304.67,199.51,311.06,259.99,154.21,272.45,244.16,361.78,387.86,476.95,42.16,74.4,348.54,279.63,79.5,128.62,333.92,301.27,96.4,349.41,375.92,284.42,102.7,105.45,587.47,170.12,72.85,199.07
2019-10-20,108.3,312.16,193.15,314.96,260.73,138.19,274.4,234.14,358.01,374.41,480.92,59.11,70.8,334.69,297.0,74.63,115.95,325.21,302.35,85.04,357.93,383.87,286.6,100.99,88.11,586.81,155.82,70.72,185.89
2019-10-21,105.12,315.49,196.11,320.64,253.69,143.37,285.44,234.56,346.76,382.37,495.53,44.26,73.36,340.52,289.5,70.64,120.9,319.8,299.66,86.15,350.88,371.59,269.65,116.46,100.04,586.39,161.86,80.54,196.71
2019-10-22,106.57,298.77,182.35,317.82,267.12,147.36,286.97,238.43,348.61,387.81,478.1,49.29,74.43,349.19,296.03,87.54,117.01,323.41,294.37,96.52,358.36,383.06,287.9,107.47,102.87,578.47,167.7,73.65,191.4
2019-10-23,116.71,297.46,199.26,319.31,260.44,149.9,276.46,246.75,355.3,385.2,488.56,52.3,89.69,335.89,285.21,82.01,113.48,328.89,302.5,96.29,347.79,373.09,274.79,115.27,88.65,592.41,160.66,77.76,197.98
2019-10-24,114.95,302.94,200.28,309.39,271.07,153.7,285.24,246.35,343.04,376.34,489.82,52.17,80.74,348.54,293.67,79.17,126.91,319.15,311.01,90.97,348.21,388.85,274.24,100.75,105.33,584.5,168.03,84.72,198.46
2019-10-25,113.6,315.0,183.16,318.7,263.36,151.28,277.75,237.03,357.09,386.49,495.91,58.4,86.64,339.83,282.32,83.89,130.77,325.83,303.37,84.02,351.93,381.92,278.9,98.62,99.85,578.53,166.05,75.8,205.05
2019-10-26,110.84,301.63,193.44,315.9,258.36,147.7,272.94,236.97,354.16,373.35,487.37,43.24,73.59,334.87,295.83,75.57,121.6,315.28,297.98,91.97,343.26,388.94,280.77,99.75,101.48,588.94,162.61,86.01,200.51
2019-10-27,117.54,299.89,194.94,313.4,264.31,135.59,286.71,239.37,356.2,382.36,483.42,55.6,77.03,348.71,282.79,87.89,114.13,328.1,301.64,96.61,348.62,387.48,279.52,116.86,91.73,595.62,161.75,74.79,186.28
2019-10-28,107.16,301.59,196.98,306.96,253.61,136.99,273.57,240.58,357.59,388.48,484.16,48.21,82.04,340.42,279.42,70.8,121.85,333.85,306.86,88.77,347.96,376.94,269.18,97.77,93.88,580.86,162.66,85.69,185.23
2019-10-29,111.08,299.86,191.79,317.73,267.67,147.98,284.47,247.4,361.24,381.9,485.71,54.88,71.37,346.65,285.17,79.39,128.33,331.44,297.84,92.34,362.16,382.96,279.04,108.94,88.56,583.58,151.32,84.73,186.04
2019-10-30,112.57,305.17,198.37,308.53,268.8,139.43,278.89,245.29,344.31,376.23,480.85,56.28,74.53,337.85,293.38,79.78,123.42,322.06,293.02,100.26,347.53,377.66,282.41,101.27,103.24,592.8,165.33,77.09,185.32
2019-10-31,115.61,299.64,184.9,313.14,264.97,138.38,278.52,237.09,361.43,371.49,488.01,44.37,71.55,347.8,296.19,85.16,115.58,321.62,293.23,99.92,360.9,385.05,283.1,101.24,89.35,589.9,162.86,81.75,194.17
2019-11-01,102.22,298.13,198.51,322.59,257.18,142.14,275.84,237.04,345.01,388.35,484.49,55.71,79.65,340.54,285.67,69.5,116.22,315.94,296.29,97.04,359.67,373.22,276.97,106.68,98.1,581.63,163.13,77.51,190.26
2019-11-02,109.51,309.61,197.71,310.46,259.21,148.39,277.97,246.46,351.03,373.7,482.61,54.09,81.57,342.1,289.24,79.15,114.39,318.47,298.9,99.46,347.11,383.28,272.64,109.69,91.25,578.06,159.01,71.57,201.22
2019-11-03,111.84,296.62,197.78,309.91,259.1,136.27,286.02,236.28,356.41,382.86,479.72,43.88,85.25,336.84,291.83,69.12,121.25,332.2,297.26,87.33,359.0,376.0,272.42,106.51,88.68,590.18,168.8,82.08,192.69
2019-11-04,109.09,303.71,184.96,312.69,255.26,154.32,281.88,236.09,358.32,372.22,481.51,43.4,88.24,349.71,292.51,76.23,129.81,321.15,307.13,89.11,353.56,390.48,270.98,113.74,96.87,589.54,154.75,75.73,187.99
2019-11-05,109.64,304.19,199.72,308.82,254.02,138.88,286.01,243.95,357.05,389.53,492.22,49.17,82.09,341.0,288.23,78.28,116.16,326.78,300.36,95.1,346.53,382.64,288.37,107.7,98.56,582.9,152.96,82.91,200.17
2019-11-06,111.67,310.96,189.1,318.6,261.85,147.62,283.16,241.49,351.14,382.07,496.11,55.3,77.61,348.07,279.63,73.68,114.62,327.61,309.47,93.55,345.7,385.14,275.18,115.0,97.85,593.75,160.34,84.65,200.1
2019-11-07,116.23,312.89,197.47,317.96,264.22,136.76,278.58,240.84,360.08,374.92,492.41,41.11,81.31,331.92,294.8,73.28,122.52,329.95,302.53,88.1,343.43,387.5,274.02,114.41,93.32,595.0,151.82,80.4,201.64
2019-11-08,100.98,311.02,187.45,319.25,253.96,145.29,286.17,246.28,359.27,374.49,482.48,49.36,73.82,339.87,291.62,74.17,124.76,319.34,292.49,94.47,362.51,373.92,270.41,109.2,90.49,589.49,169.54,90.27,192.02
2019-11-09,105.4,306.71,182.3,313.51,263.96,150.95,285.24,246.91,352.5,377.81,488.66,43.43,78.61,331.13,278.4,82.38,117.21,327.53,303.46,86.46,353.26,384.53,281.59,103.62,101.33,595.81,154.54,89.66,199.26
2019-11-10,105.99,312.94,183.11,319.49,267.68,154.12,284.25,236.96,358.37,388.09,494.1,57.24,85.48,347.31,281.06,83.99,117.51,333.5,294.81,85.14,357.77,386.19,269.28,112.23,89.98,590.92,170.16,85.85,201.0
2019-11-11,119.41,299.38,186.26,311.86,258.84,150.45,271.38,251.17,357.24,373.92,490.72,45.96,78.82,339.36,282.91,79.28,125.46,318.5,302.87,94.47,356.77,376.8,274.91,97.84,93.21,592.05,167.03,82.53,193.89
2019-11-12,113.88,314.07,194.08,313.21,263.86,142.99,285.92,239.52,348.79,380.7,482.41,44.38,81.56,336.83,281.66,75.11,113.09,334.94,291.74,84.09,354.51,373.42,279.74,112.97,103.4,596.71,166.15,75.21,194.38
2019-11-13,109.44,308.69,191.25,314.48,255.75,144.12,288.22,234.74,347.44,377.97,490.22,56.73,76.28,342.32,287.26,84.81,121.6,329.09,309.79,99.82,352.59,382.28,271.18,107.56,95.6,592.47,159.52,71.37,195.31
2019-11-14,118.15,302.44,191.33,316.73,269.91,139.03,272.29,244.23,355.73,371.71,494.52,43.74,73.46,341.05,293.04,72.63,115.75,333.34,291.7,92.07,354.39,380.52,281.98,104.53,106.27,588.72,164.52,83.91,199.41
2019-11-15,117.54,314.28,200.82,320.41,261.63,139.2,282.4,234.0,360.35,389.0,485.14,55.6,72.92,344.64,292.91,74.12,130.57,321.37,307.54,89.22,356.83,376.23,285.07,113.08,97.31,594.68,159.12,88.38,188.97
2019-11-16,108.67,302.38,195.28,304.13,269.32,149.81,280.45,242.71,347.22,389.72,492.23,54.92,71.1,350.06,288.15,87.16,125.93,316.94,292.92,88.8,345.16,371.85,274.32,111.43,91.41,591.12,160.58,85.76,201.31
2019-11-17,117.02,306.64,190.11,310.89,266.69,140.53,281.09,246.19,354.88,387.54,484.39,50.82,73.63,336.82,279.14,83.99,127.79,327.16,300.29,82.3,357.14,383.27,278.98,115.42,95.82,597.58,153.99,90.47,197.69
2019-11-18,118.3,297.51,195.05,317.33,265.51,144.48,290.77,241.16,355.86,390.88,488.22,44.64,73.68,341.1,291.72,79.78,125.3,333.21,294.03,82.76,344.44,375.97,283.16,108.81,104.08,583.54,169.89,75.71,193.62
2019-11-19,106.84,296.25,183.76,314.57,260.47,141.22,287.48,251.48,357.47,386.25,482.74,42.54,88.62,334.71,292.86,71.69,116.88,322.07,303.28,84.16,352.19,380.18,279.13,102.62,103.12,578.79,151.26,87.67,196.43
2019-11-20,101.53,301.57,196.01,315.15,271.99,146.21,281.14,237.23,357.52,374.0,476.47,50.55,71.54,342.68,283.6,85.36,115.59,332.86,311.3,81.79,350.69,384.01,278.21,105.53,96.01,595.1,170.28,89.14,195.86
2019-11-21,106.55,300.64,194.66,316.42,266.34,140.2,290.63,240.17,345.13,375.98,477.47,41.88,87.52,331.51,294.97,86.2,126.68,326.98,306.44,92.43,359.78,379.59,284.25,98.57,96.05,592.47,154.18,78.5,193.82
2019-11-22,110.46,314.92,183.73,311.83,256.91,150.92,276.98,250.7,347.49,382.49,493.9,60.69,76.7,334.73,294.52,79.88,126.04,322.59,293.92,85.92,362.73,381.45,287.19,98.99,99.98,577.9,168.61,73.26,204.83
2019-11-23,111.06,302.49,191.25,316.29,255.55,155.15,276.81,241.6,347.13,390.85,489.42,46.71,84.0,342.54,285.92,80.43,116.24,326.27,297.51,86.88,348.91,379.21,281.95,109.33,106.27,581.12,153.66,72.92,193.78
2019-11-24,100.01,307.04,187.57,308.34,264.85,136.25,282.61,236.31,350.81,385.49,481.67,53.07,87.01,333.22,286.14,76.41,126.74,332.36,305.41,83.55,358.01,375.49,275.22,111.45,87.82,585.0,169.35,76.0,193.58
2019-11-25,115.26,301.67,195.2,316.91,263.04,150.28,287.54,242.38,344.44,375.66,481.32,54.31,81.79,337.21,296.03,75.59,129.23,317.71,311.11,95.71,356.51,379.6,278.21,106.45,95.13,584.21,167.55,76.39,190.93
2019-11-26,107.37,299.48,194.62,320.38,252.14,139.45,277.38,248.5,357.18,375.72,480.02,48.02,83.13,348.14,282.35,75.67,129.83,332.78,295.15,90.7,355.32,373.82,282.93,116.75,104.09,582.08,165.22,82.89,202.63
2019-11-27,118.24,309.74,181.45,320.44,261.59,147.02,273.4,238.49,343.67,376.48,490.47,55.8,77.87,339.06,296.3,80.33,122.64,330.0,303.29,99.16,360.02,371.65,278.01,115.74,90.74,591.15,167.83,79.64,196.82
2019-11-28,119.59,300.36,184.8,311.24,255.92,154.53,280.31,242.86,345.08,377.27,483.01,51.59,83.02,349.53,277.31,84.86,125.01,317.97,299.67,99.57,350.84,371.38,282.76,112.51,104.74,578.7,152.13,81.72,204.42
2019-11-29,104.18,304.5,184.42,321.45,265.14,154.36,281.13,237.24,353.96,380.03,490.94,50.57,88.66,339.54,283.17,73.07,120.31,333.69,301.48,85.73,350.92,375.56,270.25,105.1,104.39,583.84,160.94,71.15,189.47
2019-11-30,107.14,309.04,198.33,307.07,271.49,154.18,284.25,240.11,347.35,382.68,482.99,50.19,78.94,341.3,295.02,88.36,112.9,327.3,298.77,84.1,352.93,379.49,282.49,113.0,102.16,582.2,162.0,82.84,204.26
2019-12-01,106.98,314.5,195.85,308.43,256.08,136.54,280.11,241.49,346.1,371.9,479.01,48.19,70.68,332.21,297.1,83.87,127.27,330.74,297.54,84.59,346.0,387.78,286.24,99.24,95.36,597.76,162.7,73.75,198.54
2019-12-02,112.2,305.36,191.28,306.26,267.47,147.1,271.98,246.72,359.2,387.18,485.86,53.83,82.05,342.41,285.15,88.28,122.29,322.42,292.48,91.38,352.64,378.14,282.14,108.44,105.7,578.0,157.98,83.8,189.91
2019-12-03,105.1,306.08,193.32,319.59,258.6,151.07,288.4,245.68,342.22,386.67,487.39,54.72,86.32,349.18,281.23,78.34,115.1,333.51,309.48,89.77,345.54,386.82,287.9,103.08,87.64,586.04,169.71,87.63,203.41
2019-12-04,108.84,299.49,182.58,304.01,267.43,138.22,273.31,250.6,352.53,374.89,485.49,53.2,75.2,343.93,285.68,86.82,112.52,322.78,301.69,84.3,352.39,381.82,281.99,103.41,106.82,582.82,156.68,82.56,199.66
2019-12-05,114.81,305.55,198.01,317.16,262.31,148.85,288.88,245.6,359.84,376.44,488.17,46.09,88.79,331.35,291.78,77.63,115.22,330.97,297.14,93.19,350.4,375.27,283.07,111.85,104.69,591.55,155.54,75.04,200.15
2019-12-06,104.15,314.35,197.15,316.81,267.38,142.85,277.53,252.25,349.55,378.82,480.14,56.92,85.46,340.8,291.46,81.28,125.64,327.44,298.94,85.23,359.5,378.83,283.65,105.86,96.56,591.11,160.26,75.99,202.25
2019-12-07,100.09,297.03,182.83,322.74,255.67,144.78,277.61,238.57,343.54,390.71,488.99,57.74,88.67,331.78,293.23,82.9,117.98,322.94,304.47,87.86,348.37,378.24,287.57,112.9,100.4,580.83,157.61,87.03,187.98
2019-12-08,107.5,311.58,182.48,308.86,269.5,136.5,279.4,236.48,353.02,390.81,495.11,54.0,72.69,345.67,296.03,70.2,127.47,322.89,309.68,97.68,362.2,374.65,274.09,111.44,92.06,597.39,155.95,88.11,190.8
2019-12-09,115.43,312.26,195.83,321.64,261.73,142.0,280.16,244.63,353.13,374.76,486.37,43.3,70.64,336.04,283.98,84.66,130.7,318.79,303.33,91.1,359.76,390.57,280.38,109.71,98.56,596.29,152.76,83.88,201.95
2019-12-10,114.63,295.89,183.54,314.83,262.06,145.62,277.91,246.34,342.8,375.92,484.83,50.44,71.06,338.85,285.22,81.74,131.46,317.36,311.3,85.55,346.07,371.95,277.36,109.9,100.86,586.68,166.3,83.51,204.05
2019-12-11,101.83,303.46,183.98,304.94,253.84,153.68,290.55,251.8,351.09,388.21,476.91,50.31,88.23,340.97,280.68,81.83,122.35,316.88,307.0,96.79,355.14,384.0,273.54,100.62,103.63,585.19,168.6,74.14,189.96
2019-12-12,117.78,308.26,193.53,306.55,261.58,138.23,286.23,252.92,354.8,375.15,485.0,59.83,80.62,332.24,296.16,68.74,126.1,330.79,298.05,88.01,359.48,386.48,282.47,110.77,96.07,584.42,160.33,78.67,186.78
2019-12-13,100.32,309.58,190.79,313.82,266.95,146.66,286.26,239.15,356.35,372.74,491.27,59.22,88.73,332.63,283.65,78.64,119.26,319.94,306.69,96.13,358.37,387.21,270.33,108.1,91.48,587.35,170.42,86.12,187.88
2019-12-14,105.16,301.09,197.6,310.61,268.59,145.91,284.57,240.0,342.12,384.26,489.76,60.81,85.61,347.14,289.86,78.33,123.99,330.35,300.21,81.46,346.8,370.85,277.21,110.65,87.7,581.47,162.1,74.23,190.16
2019-12-15,105.37,307.86,186.23,312.27,257.08,153.98,272.2,247.41,355.91,371.91,489.48,41.7,85.55,343.92,291.45,83.4,130.45,332.41,303.91,89.71,358.22,371.47,269.94,98.08,101.53,583.2,170.58,83.94,189.84
2019-12-16,103.09,306.48,182.01,321.52,262.98,150.21,271.18,243.01,357.53,383.72,481.62,49.92,74.43,343.73,287.61,86.96,128.73,317.14,298.51,80.98,360.67,372.18,279.06,100.0,92.0,596.87,162.2,88.51,191.56
2019-12-17,106.69,312.26,199.47,311.49,268.7,137.32,289.08,252.92,344.94,379.6,480.57,41.51,83.65,333.56,284.94,75.91,117.1,331.95,303.38,85.73,352.4,377.87,278.11,103.29,87.46,584.56,162.26,75.87,194.08
2019-12-18,113.71,304.47,199.01,304.72,254.43,150.81,285.35,253.49,346.5,373.98,496.19,45.25,83.44,333.65,290.76,83.32,119.57,320.62,308.84,86.79,362.76,385.04,283.96,109.62,107.18,580.31,152.65,86.18,198.16
2019-12-19,106.98,307.12,193.35,306.66,266.3,146.57,288.99,248.61,358.98,385.22,476.93,52.28,87.05,331.89,293.39,83.64,131.1,319.94,308.6,91.22,353.6,387.15,281.96,104.86,92.71,591.3,152.43,84.47,201.42
2019-12-20,108.97,297.22,185.14,312.35,263.06,155.01,285.07,244.22,361.69,372.71,480.43,53.17,84.68,337.81,283.86,88.2,111.51,321.3,309.4,86.82,363.2,380.71,283.74,112.1,90.47,590.71,160.53,88.5,189.11
2019-12-21,100.15,299.31,192.09,315.73,270.12,140.16,280.33,235.47,361.61,372.36,492.64,55.25,79.28,338.15,295.01,83.83,116.89,322.0,309.4,87.38,361.51,380.72,279.44,112.29,90.8,581.64,154.28,85.1,204.11
2019-12-22,103.09,303.13,193.26,322.2,254.49,150.91,272.94,241.79,354.44,377.34,488.14,53.89,70.74,343.81,277.85,81.67,123.32,315.75,295.76,99.73,348.54,384.26,276.19,106.95,104.93,591.19,153.55,74.94,197.7
2019-12-23,115.88,304.52,191.07,318.31,255.85,142.16,271.98,234.65,353.69,379.19,492.61,44.77,72.6,340.62,293.23,86.83,126.37,324.55,302.59,82.79,360.85,377.48,286.03,114.19,94.21,592.72,151.51,84.42,198.6
2019-12-24,106.5,312.43,181.51,307.74,271.6,148.74,275.96,236.54,361.47,390.7,480.66,48.16,73.62,346.79,277.34,81.57,124.99,325.19,294.57,96.08,356.03,377.38,271.21,98.23,99.43,588.91,164.51,89.69,198.22
2019-12-25,113.52,301.41,199.2,319.35,258.16,140.63,282.35,239.66,350.02,377.4,483.93,60.65,74.56,333.04,282.47,77.12,123.21,324.17,308.22,98.93,350.36,376.64,285.08,101.03,89.31,594.81,163.1,76.4,203.18
2019-12-26,115.82,295.97,197.21,308.63,269.6,145.83,287.93,240.5,344.82,380.51,487.38,52.75,86.3,347.36,292.57,82.45,126.6,317.87,300.23,88.67,355.37,376.03,283.87,112.49,97.29,585.25,168.99,86.13,197.98
2019-12-27,99.83,309.5,186.3,311.44,261.91,147.83,274.36,239.43,345.18,375.28,481.37,44.88,79.1,341.26,286.66,78.94,115.51,324.19,301.33,87.38,344.09,371.55,272.82,113.81,89.85,584.34,153.91,87.43,198.32
2019-12-28,109.8,307.17,194.41,317.52,268.49,155.07,273.03,250.8,357.34,373.76,493.63,52.65,81.67,336.5,294.35,74.9,113.87,317.28,310.89,98.57,350.7,383.23,279.74,110.32,106.07,593.84,161.89,78.24,197.33
2019-12-29,110.81,298.15,197.09,316.64,260.31,142.58,284.09,240.65,347.65,383.88,494.21,55.5,86.14,344.93,290.44,79.46,118.47,322.14,304.26,96.94,359.02,383.66,280.15,106.59,102.8,584.57,151.93,72.63,199.99
2019-12-30,102.46,313.39,181.51,310.18,267.41,139.63,286.97,236.85,353.47,372.65,486.11,50.69,86.84,350.02,285.77,73.03,126.73,332.98,295.32,96.98,360.11,375.41,287.23,104.75,98.57,587.16,152.36,81.15,190.07
2019-12-31,107.36,306.71,190.28,306.75,257.07,146.92,287.16,236.15,346.0,385.13,480.03,49.12,90.17,344.31,288.51,85.4,125.34,328.88,301.52,90.78,351.55,388.05,275.2,116.79,92.04,584.37,168.47,88.17,196.01
2020-01-01,110.29,311.91,192.16,319.17,261.32,139.47,283.3,244.67,345.55,382.48,488.51,57.8,82.73,334.56,288.49,84.48,129.41,320.85,298.27,84.63,348.12,375.28,282.18,112.82,94.24,596.26,160.67,75.39,192.89
2020-01-02,109.98,298.78,185.38,311.1,257.78,144.18,271.72,252.55,360.24,374.51,476.62,43.89,72.12,332.01,284.94,77.57,112.04,325.38,300.25,95.92,345.37,375.14,276.1,101.1,95.73,585.0,165.64,85.47,193.73
2020-01-03,110.86,296.36,191.65,310.96,255.28,140.9,287.8,237.35,347.21,389.37,496.07,60.99,90.42,332.42,283.71,81.51,122.17,320.48,293.16,93.62,357.5,376.94,278.61,102.52,87.91,587.01,169.87,88.93,194.03
2020-01-04,104.14,314.22,189.56,306.77,270.24,141.24,286.92,253.77,351.21,372.99,483.29,47.23,87.3,343.28,284.6,75.24,126.99,328.65,307.5,88.76,361.57,374.32,277.46,111.92,87.76,580.13,163.72,88.28,185.35
2020-01-05,114.7,308.89,199.84,323.17,255.26,145.99,278.63,238.63,361.93,390.0,484.91,44.01,87.88,339.24,296.46,83.39,130.63,326.73,291.75,87.22,344.28,384.27,286.86,113.82,105.89,579.19,154.91,83.03,192.0
2020-01-06,100.72,310.51,194.19,308.0,259.09,139.12,285.77,243.29,355.11,390.1,481.94,41.21,84.35,346.47,293.39,79.05,126.15,316.58,307.8,99.39,351.15,372.03,273.67,98.63,88.49,589.24,162.07,72.49,199.58
2020-01-07,105.34,303.12,184.37,314.52,269.91,138.56,281.62,233.84,343.93,385.4,485.46,44.7,76.97,344.94,280.99,88.28,114.8,332.75,291.89,87.62,350.64,383.86,273.0,105.81,106.71,583.79,162.39,85.32,188.94
2020-01-08,117.68,301.53,195.9,314.49,259.49,143.4,272.12,238.27,348.66,371.5,495.46,42.21,74.03,336.34,295.21,80.17,129.47,317.86,295.26,87.24,349.25,386.02,287.61,104.44,102.12,579.01,160.89,79.86,197.57
2020-01-09,114.33,304.36,198.69,313.22,265.16,142.98,273.16,253.73,362.01,377.77,481.69,49.31,82.9,339.94,293.0,74.5,122.69,322.04,293.14,98.19,350.96,390.47,274.97,109.26,106.88,579.56,152.99,71.25,187.69
2020-01-10,105.08,308.76,182.56,322.27,267.86,141.7,289.83,245.16,355.74,374.65,489.75,44.91,74.79,338.11,290.09,81.84,118.02,318.48,293.1,91.44,344.09,382.19,269.43,102.38,93.9,597.31,166.04,87.93,194.85
2020-01-11,106.38,304.95,184.32,306.29,268.13,153.91,290.07,248.39,343.95,379.07,492.44,48.39,82.61,330.59,287.98,72.76,121.27,322.79,305.61,90.91,359.47,387.6,276.01,104.09,91.34,584.37,155.88,82.55,199.19
2020-01-12,107.05,314.45,194.15,313.33,256.25,152.31,285.9,251.88,359.45,389.65,491.53,53.34,88.05,347.48,284.39,88.37,118.81,324.09,300.38,97.36,357.51,390.45,284.15,107.25,91.7,585.52,159.3,75.77,185.59
2020-01-13,101.13,296.77,194.38,314.31,254.5,144.84,275.5,247.05,345.06,379.39,490.27,57.67,79.3,347.34,287.52,76.03,117.2,321.31,308.14,97.77,360.19,390.53,272.41,107.42,88.56,594.94,169.88,73.05,185.35
2020-01-14,112.8,307.45,182.42,305.56,253.49,144.69,281.5,237.13,351.8,378.94,482.81,55.76,80.63,347.65,294.39,68.68,113.96,321.99,307.27,82.33,355.68,380.35,281.15,101.72,99.69,583.87,152.42,84.36,186.61
2020-01-15,113.85,314.98,192.83,312.38,254.19,142.91,279.46,239.04,360.25,371.89,478.88,51.46,83.08,338.16,286.61,69.95,118.91,329.73,302.85,96.9,354.22,379.79,274.97,110.74,95.24,579.33,166.51,87.86,186.26
2020-01-16,114.06,310.27,195.15,321.59,266.83,136.54,285.45,242.3,359.6,381.95,488.99,41.64,76.32,345.68,295.3,72.51,114.67,333.77,306.25,97.26,362.72,370.65,275.67,108.84,101.46,583.37,168.86,85.35,190.53
2020-01-17,119.26,301.08,193.29,321.32,270.03,147.8,273.96,236.68,354.57,377.05,478.18,53.13,73.95,332.05,280.24,78.91,113.2,327.28,293.19,99.68,348.45,377.75,284.39,106.72,96.02,593.77,165.72,85.8,191.1
2020-01-18,113.46,309.08,195.79,309.48,259.54,140.22,283.76,247.91,355.8,373.52,487.0,46.72,75.75,342.22,290.64,83.65,120.39,324.25,297.27,99.59,358.86,381.7,288.18,111.66,89.31,579.22,160.48,84.76,202.72
2020-01-19,118.37,310.38,192.06,315.36,253.12,150.9,288.9,241.17,353.24,371.83,488.86,49.16,76.76,343.6,283.77,86.53,120.91,319.91,292.25,81.99,353.92,376.77,270.87,113.92,106.94,583.41,161.45,84.74,190.26
2020-01-20,119.37,312.94,191.19,317.21,252.54,140.45,277.08,239.12,346.89,384.99,477.63,54.77,71.21,334.55,287.95,72.46,130.98,316.5,300.84,93.21,362.82,379.64,280.72,101.02,103.46,593.5,160.47,73.6,188.17
2020-01-21,103.93,309.85,192.09,303.73,262.4,151.47,287.18,237.65,356.2,371.39,491.13,60.53,79.52,338.3,282.17,77.66,118.23,329.33,298.39,97.31,357.75,381.64,277.29,111.15,90.21,589.03,151.41,83.21,194.49
2020-01-22,115.68,298.88,187.07,319.48,257.59,150.15,272.26,238.27,346.85,375.23,483.55,55.56,73.28,343.89,277.5,80.94,118.6,324.53,306.14,98.18,343.3,388.35,275.55,110.16,91.39,588.27,155.25,89.24,188.81
2020-01-23,105.19,307.16,188.24,322.13,270.3,143.06,287.67,248.34,360.08,388.1,491.56,45.05,80.29,339.2,289.88,76.7,130.87,334.03,307.23,91.32,350.94,387.03,277.72,117.08,95.75,591.88,164.23,83.19,186.65
2020-01-24,113.44,306.3,181.84,319.54,266.68,140.95,290.85,251.24,359.6,374.29,493.73,46.38,78.68,330.86,296.64,69.1,117.88,333.2,297.87,86.65,347.4,389.46,280.44,108.29,90.3,585.42,158.94,86.24,195.41
2020-01-25,119.35,298.56,197.08,307.14,258.33,144.08,271.31,247.89,343.98,387.58,489.28,42.63,84.12,347.38,291.35,69.9,113.38,328.61,306.7,93.82,358.63,378.9,287.46,106.23,100.87,590.67,154.23,72.15,187.93
2020-01-26,107.91,304.59,192.97,318.14,267.81,143.59,283.46,243.37,354.21,381.36,477.68,59.55,76.53,333.42,282.87,81.47,127.05,316.55,304.53,82.85,352.25,388.86,273.83,109.09,93.82,578.47,167.89,87.97,185.23
2020-01-27,107.71,312.08,192.3,314.04,257.99,137.51,289.41,250.03,357.63,371.73,476.91,53.39,82.89,333.72,280.47,82.66,122.27,324.51,301.73,88.32,362.33,386.24,272.36,117.27,95.96,585.71,153.65,82.31,200.85
2020-01-28,117.29,297.74,191.69,321.06,253.45,148.75,284.91,235.79,346.04,378.25,489.05,50.76,76.54,340.95,289.04,78.7,116.58,322.68,302.8,86.31,349.99,374.01,277.67,113.57,105.16,592.89,167.37,86.09,204.34
2020-01-29,101.15,308.07,185.99,321.75,265.78,149.73,276.22,245.48,350.81,386.28,494.34,43.54,79.62,333.94,279.42,77.31,128.12,331.83,300.71,88.6,345.52,381.46,273.88,102.72,94.44,597.62,163.91,79.33,190.59
2020-01-30,115.69,313.1,187.4,310.22,254.4,143.27,278.33,241.35,349.68,387.37,480.99,53.12,78.98,338.05,283.28,78.42,124.72,327.96,298.95,94.37,347.01,370.62,272.71,115.4,101.06,591.05,160.95,87.04,202.61
2020-01-31,117.15,307.66,199.37,313.83,260.02,142.62,289.13,241.66,352.83,383.94,492.23,49.71,74.93,339.65,290.48,75.62,131.33,326.51,296.19,92.26,347.74,382.44,272.37,108.92,91.05,595.44,168.52,84.65,201.23
2020-02-01,109.99,308.15,192.01,317.87,267.14,148.75,282.55,234.74,361.54,389.87,491.64,59.85,78.26,334.19,295.06,68.88,118.92,328.76,306.03,86.34,351.87,374.56,277.75,101.04,99.17,588.15,153.55,77.16,188.14
2020-02-02,116.32,304.72,199.24,308.85,262.51,145.39,281.22,242.76,353.55,376.52,482.1,44.61,89.65,349.3,288.83,69.97,112.35,322.22,292.82,81.42,357.76,388.53,284.08,105.36,89.7,595.87,152.48,85.47,188.33
2020-02-03,106.61,312.2,197.06,316.76,266.77,148.88,289.25,239.24,351.11,374.16,489.73,56.5,78.32,341.96,293.44,72.96,117.83,323.08,295.14,97.74,361.56,378.55,284.47,101.48,105.7,583.04,159.75,88.14,189.29
2020-02-04,110.67,311.09,198.17,317.28,261.9,140.22,289.19,242.93,343.77,387.92,492.19,44.21,90.29,334.09,294.07,86.54,115.73,331.24,295.45,85.41,353.79,385.85,271.21,98.62,105.08,584.64,167.98,74.35,191.57
2020-02-05,115.58,298.14,190.24,309.58,255.05,154.31,282.57,246.15,353.14,391.27,490.51,48.3,78.09,347.99,290.33,79.84,126.31,322.66,306.87,92.75,359.58,375.15,275.99,106.06,96.16,580.91,167.49,74.74,201.7
2020-02-06,115.35,314.57,183.58,315.76,267.41,141.96,273.52,236.35,344.09,375.93,478.25,54.69,86.68,349.66,282.56,78.03,118.54,334.71,304.53,83.32,356.65,383.54,274.83,115.91,103.5,595.21,164.86,82.7,198.58
2020-02-07,99.88,297.03,194.51,321.67,269.85,142.44,282.76,249.07,360.97,384.4,495.81,47.57,75.6,348.29,279.48,82.13,114.64,318.71,292.04,89.33,350.97,385.71,276.53,101.46,93.81,595.1,169.72,80.45,199.51
2020-02-08,100.42,296.06,192.69,318.94,266.41,138.01,288.98,239.2,357.53,382.13,490.5,50.32,83.13,337.45,285.7,72.04,127.0,317.36,298.58,99.62,358.37,378.6,274.81,99.64,101.99,597.03,165.17,84.71,189.11
2020-02-09,107.84,305.47,190.6,315.74,261.44,141.69,288.32,237.46,347.09,373.69,482.01,50.7,74.26,336.64,287.03,71.99,120.3,322.19,298.82,96.61,347.36,376.36,274.46,108.23,89.46,595.87,167.81,75.98,199.95
2020-02-10,106.19,302.19,181.34,309.09,271.66,136.42,284.32,250.23,356.2,389.61,478.51,55.62,79.2,348.5,293.8,74.64,118.25,326.07,310.86,89.2,355.55,384.77,273.51,115.68,97.86,589.63,170.68,86.01,185.32
2020-02-11,108.71,304.96,186.43,305.22,254.77,141.87,286.34,252.22,343.97,372.86,480.4,44.26,78.86,334.27,283.59,77.54,113.05,321.06,294.44,89.43,361.75,382.01,280.35,109.39,93.04,583.87,162.49,75.61,185.77
2020-02-12,110.99,299.09,187.8,307.92,254.47,144.43,275.28,241.9,357.8,386.03,487.23,58.85,80.69,345.31,283.85,68.53,127.08,328.05,297.57,92.84,344.17,385.04,271.86,107.54,98.22,577.98,157.68,72.24,198.07
2020-02-13,109.92,306.52,197.62,317.12,262.87,136.4,282.33,236.15,358.74,372.39,486.23,51.49,76.78,331.89,287.3,72.07,128.84,317.3,305.19,81.84,360.38,390.2,276.01,116.74,93.8,596.1,166.32,86.05,190.73
2020-02-14,111.21,312.54,188.66,307.4,254.52,145.02,274.07,245.16,346.17,384.1,494.47,48.76,76.26,339.85,279.21,85.49,115.94,319.27,296.7,81.83,353.72,389.11,270.84,101.28,102.25,596.35,164.51,80.28,190.64
2020-02-15,106.82,312.45,191.65,322.35,267.76,145.06,281.45,236.89,360.39,379.17,477.45,44.84,76.36,343.74,278.08,86.78,125.36,324.52,298.21,98.86,360.74,379.33,277.43,111.47,106.75,591.03,159.3,71.41,201.84
2020-02-16,106.31,303.62,184.22,321.34,271.33,146.5,277.36,244.4,354.35,390.04,485.83,50.39,71.73,348.36,286.51,79.79,117.35,329.12,301.42,82.94,358.01,380.12,276.24,98.49,89.32,580.47,154.83,74.81,192.21
2020-02-17,113.03,300.89,201.14,310.89,269.26,140.98,286.08,250.37,354.99,378.5,488.02,58.06,83.22,340.97,283.92,80.61,113.61,315.1,305.38,85.84,347.73,384.53,277.17,113.11,97.82,594.2,170.6,82.36,195.97
2020-02-18,114.66,315.44,194.61,311.64,253.03,141.44,276.56,245.65,346.92,385.32,487.6,49.23,78.13,343.2,283.4,75.82,114.69,332.19,306.46,92.46,362.92,384.96,281.55,107.9,103.89,584.06,154.73,71.87,185.22
2020-02-19,112.66,314.75,189.35,313.27,264.78,146.54,288.97,241.11,347.06,372.34,476.48,45.49,75.21,342.55,288.65,82.56,129.62,324.87,296.7,82.42,350.11,371.94,269.62,115.69,99.53,579.58,165.71,74.75,200.95
2020-02-20,111.36,303.17,189.6,313.19,268.35,154.53,275.23,249.57,345.87,387.22,496.01,48.77,76.07,335.74,290.09,74.84,112.8,330.65,303.5,86.17,349.03,375.49,275.76,108.7,94.33,591.34,154.6,76.02,189.76
2020-02-21,104.96,298.57,191.91,306.81,263.37,153.49,285.19,251.34,358.93,389.82,485.34,49.56,79.78,331.14,289.56,71.95,113.05,316.93,308.02,84.67,344.36,385.57,269.63,103.8,96.5,589.13,167.34,87.37,188.17
2020-02-22,119.71,298.87,186.29,321.66,266.08,152.14,277.7,238.83,353.73,389.95,476.62,49.45,75.96,340.19,290.14,70.76,118.42,326.87,306.45,99.97,360.62,377.47,284.68,111.71,90.7,596.92,156.52,76.58,197.21
2020-02-23,114.38,297.81,188.49,320.8,262.28,139.98,272.55,243.94,349.69,383.49,485.5,59.64,73.45,332.32,279.3,81.05,126.4,333.87,296.87,83.31,353.29,378.9,279.09,105.05,102.01,591.01,157.5,84.54,199.19
2020-02-24,112.17,315.2,186.29,307.59,268.14,154.47,274.78,250.07,361.03,389.62,480.96,48.47,84.38,349.42,293.34,83.53,125.83,326.61,295.33,82.75,356.73,374.32,286.94,116.48,105.4,594.23,157.54,88.74,187.54
2020-02-25,104.02,298.31,197.76,320.54,266.06,144.47,283.99,245.08,354.43,385.56,493.82,44.62,85.39,335.93,286.29,71.51,128.98,331.98,298.67,84.05,357.77,387.49,277.09,113.74,101.48,586.81,165.88,71.41,193.78
2020-02-26,108.51,312.54,200.04,304.38,270.49,155.13,274.79,239.38,346.85,380.59,494.27,43.32,80.57,335.88,277.31,87.63,113.5,332.22,301.91,88.18,346.89,377.75,283.12,101.96,97.02,579.1,167.89,78.11,202.19
2020-02-27,105.56,302.9,193.99,312.97,270.75,138.01,282.55,236.51,346.6,383.71,491.38,46.25,77.48,345.53,278.56,85.11,124.41,319.41,307.24,94.16,346.67,387.76,284.23,116.08,97.19,590.6,151.67,86.39,190.6
2020-02-28,102.2,312.85,186.28,322.98,262.71,151.41,277.58,248.09,355.54,386.16,484.99,52.9,77.71,331.42,283.39,71.8,129.02,330.8,293.13,93.77,348.23,379.71,270.99,114.03,98.49,580.29,153.9,75.22,201.86
2020-02-29,117.41,310.84,188.9,317.39,267.45,141.81,285.5,245.83,344.24,381.44,489.43,45.09,80.81,335.01,296.07,83.17,125.13,324.32,299.5,86.25,344.41,384.36,274.99,114.11,90.21,586.35,155.43,89.05,195.91
2020-03-01,119.72,304.92,193.0,322.55,264.8,140.39,277.8,251.89,356.42,374.79,486.97,58.46,76.99,331.7,277.39,88.2,114.32,333.94,308.95,85.11,343.56,373.7,269.73,114.42,91.1,588.62,157.73,70.79,198.14
2020-03-02,104.5,297.32,193.59,322.08,256.77,141.15,289.69,246.57,349.29,390.94,485.48,56.27,71.39,332.83,295.12,76.7,125.92,315.8,291.64,85.71,347.2,375.27,276.36,113.51,92.75,589.74,158.87,76.91,194.62
2020-03-03,102.82,296.9,188.31,315.5,252.56,142.72,276.44,249.6,344.18,374.88,487.22,45.56,80.28,333.67,293.16,74.26,116.39,316.59,298.46,85.93,352.97,383.31,269.54,106.4,87.39,594.78,154.9,82.75,198.93
2020-03-04,112.58,304.46,186.06,304.67,253.51,146.6,275.72,237.7,357.53,382.37,494.13,58.98,78.37,340.73,292.56,82.75,124.83,318.52,292.7,84.13,355.89,381.31,276.9,100.23,102.72,579.66,164.32,72.03,203.88
2020-03-05,101.97,307.69,190.28,318.01,266.85,140.2,273.55,237.29,346.54,384.32,489.89,43.94,82.07,335.41,291.31,85.77,121.3,323.39,297.33,92.36,345.52,379.41,285.34,106.12,103.21,584.37,163.75,76.39,193.61
2020-03-06,110.44,305.48,186.95,306.75,270.24,138.46,287.48,242.13,357.3,381.29,482.14,54.44,70.64,349.61,293.77,79.7,113.23,320.61,298.28,87.51,354.85,390.13,281.99,108.39,89.79,593.47,167.67,71.86,203.19
2020-03-07,102.7,314.48,186.42,317.4,271.02,147.88,274.89,247.14,356.7,383.23,490.79,43.35,74.3,331.9,296.52,82.52,124.05,323.16,309.16,88.21,356.36,374.49,280.91,112.7,99.97,580.78,162.34,82.92,190.25
2020-03-08,107.13,313.73,200.66,321.06,265.5,140.8,273.58,240.95,352.03,376.66,490.66,46.19,87.66,336.7,284.03,85.18,111.75,332.6,293.6,87.26,358.81,383.53,278.41,111.47,105.9,596.88,154.41,79.86,189.07
2020-03-09,101.09,304.67,192.61,311.06,264.72,143.9,273.21,233.88,351.23,378.37,489.57,57.48,86.27,336.84,296.75,71.34,118.5,325.76,296.61,90.43,354.72,388.96,287.42,110.18,101.28,597.08,164.9,88.64,189.1
2020-03-10,100.51,309.58,200.41,318.76,261.04,152.83,289.13,246.93,345.2,380.75,488.53,51.9,76.93,349.67,294.27,87.48,123.35,330.76,291.85,90.27,350.98,379.56,287.06,111.83,92.39,586.55,164.22,89.41,185.96
2020-03-11,112.62,313.28,185.94,310.25,268.19,135.6,290.31,238.28,355.36,384.51,488.12,43.27,72.4,348.99,279.9,76.79,119.66,331.42,307.13,90.05,352.9,370.76,273.14,101.28,97.16,582.19,168.42,86.81,199.6
2020-03-12,118.28,300.9,189.07,307.31,262.81,149.95,284.17,248.86,361.84,383.35,493.48,56.32,84.41,344.39,283.24,73.33,130.42,333.08,311.0,91.21,361.76,375.13,275.85,109.44,101.65,578.65,169.41,75.11,187.72
2020-03-13,115.05,308.96,192.33,305.38,265.89,141.76,280.02,238.29,355.78,390.23,481.76,47.4,83.21,340.27,289.32,78.38,118.95,323.77,310.9,84.49,348.44,370.96,287.5,99.3,105.22,583.32,161.72,80.02,191.86
2020-03-14,111.18,314.21,198.86,308.98,255.82,138.11,278.26,253.01,351.69,386.74,489.16,49.69,73.86,338.33,290.76,80.98,123.63,333.68,297.08,82.54,352.73,371.3,288.48,99.1,99.73,584.41,162.93,81.01,202.25
2020-03-15,107.95,301.67,194.25,314.15,262.46,155.16,283.29,252.04,349.63,383.06,483.39,46.18,85.7,336.42,283.01,82.25,114.78,323.04,309.93,85.89,349.53,380.55,272.76,107.45,88.69,583.45,161.65,78.89,190.91
2020-03-16,109.78,299.52,193.95,316.77,260.84,136.69,278.11,251.49,361.32,390.41,496.24,57.83,78.51,346.74,280.11,82.22,115.28,333.9,303.91,100.22,344.68,387.18,271.14,101.27,99.19,594.74,161.78,82.68,191.12
2020-03-17,116.46,307.2,194.4,312.41,260.57,146.04,281.95,237.91,353.22,383.46,484.6,59.94,75.82,344.17,294.85,68.64,114.75,320.69,308.59,97.56,355.29,380.68,273.86,116.12,106.78,588.04,157.25,90.21,204.96
2020-03-18,103.35,309.15,193.04,313.2,265.31,145.07,290.11,241.09,347.59,383.69,477.5,46.03,89.4,340.25,282.75,84.28,123.35,327.8,295.71,99.93,343.72,377.71,288.9,114.92,99.86,593.41,166.15,87.25,189.18
2020-03-19,104.0,307.61,196.28,317.62,252.42,144.38,279.84,252.52,354.07,382.54,481.39,51.49,73.78,337.07,281.85,82.16,117.36,328.11,303.99,81.76,361.93,371.89,278.25,102.91,101.8,592.99,155.61,72.6,197.63
2020-03-20,106.3,310.38,181.66,306.07,264.04,148.33,287.44,237.79,356.72,381.4,489.15,43.17,77.9,331.21,296.83,78.01,129.54,326.12,292.65,100.55,362.13,372.65,278.06,107.29,105.7,594.21,157.04,89.87,185.56
2020-03-21,107.15,308.6,195.26,316.49,262.6,144.86,273.46,236.83,356.81,375.12,481.57,46.11,84.86,343.79,281.37,80.96,126.22,323.02,308.44,98.59,360.03,390.14,274.35,113.93,101.92,595.11,159.76,85.3,202.55
2020-03-22,112.42,301.05,181.56,322.57,271.83,136.22,286.82,248.56,355.58,379.98,477.32,43.34,80.44,346.38,285.26,81.1,115.48,317.7,300.34,82.93,355.5,378.54,270.13,110.26,87.95,593.85,158.25,70.66,185.36
2020-03-23,101.96,297.77,200.29,314.37,265.85,144.31,279.2,243.6,351.8,377.2,478.23,42.23,86.07,343.61,288.24,77.61,113.05,322.11,295.8,100.58,354.65,378.75,287.97,97.93,99.38,582.58,154.69,74.53,194.34
2020-03-24,79.99,226.75,143.82,226.85,202.95,112.93,206.69,181.23,258.51,280.61,363.78,29.15,52.04,265.16,217.61,64.38,91.07,246.9,216.21,58.15,263.95,285.06,206.36,90.08,80.69,442.12,115.86,58.71,149.94
2020-03-25,87.14,228.73,135.64,242.49,204.65,100.05,209.85,190.85,270.77,293.51,368.17,40.22,61.12,262.35,220.29,65.07,90.78,234.41,221.9,63.28,257.22,292.89,213.4,89.12,65.06,447.96,125.63,54.31,136.85
2020-03-26,86.07,225.78,147.45,227.86,199.49,101.36,204.74,185.74,273.95,284.83,364.22,33.51,68.65,245.58,215.44,65.25,99.75,244.92,234.32,65.84,258.43,279.35,215.96,81.22,63.47,443.66,118.58,56.02,150.31
2020-03-27,75.01,228.49,140.49,245.09,198.9,101.86,203.04,172.89,268.14,288.29,367.53,42.12,50.91,248.71,222.45,67.28,84.29,243.86,218.2,65.63,265.53,292.75,204.18,81.03,79.57,440.17,123.38,59.1,137.54
2020-03-28,80.01,228.59,142.66,239.63,204.29,106.28,220.21,192.28,258.66,290.4,372.16,40.59,63.75,246.84,222.92,58.84,96.52,241.38,216.4,67.47,267.51,277.25,210.45,83.15,75.29,431.78,115.23,51.99,149.82
2020-03-29,81.18,238.48,133.9,244.85,189.45,102.78,210.56,187.75,264.2,295.79,362.31,28.49,55.27,256.98,208.19,59.67,81.94,244.52,225.4,58.35,260.96,276.3,210.91,76.62,82.39,434.77,124.12,54.63,154.94
2020-03-30,86.15,232.61,145.24,227.5,196.84,107.66,212.93,181.36,263.92,277.32,367.69,33.03,70.1,262.12,218.43,52.86,82.32,253.05,220.16,66.37,264.77,294.34,200.95,81.19,68.2,440.97,118.28,69.74,147.51
2020-03-31,73.05,235.41,134.96,244.37,200.09,110.9,217.02,186.91,263.29,279.69,370.97,44.07,65.58,264.2,207.54,62.68,92.46,246.71,219.54,70.2,268.99,285.19,217.53,83.78,78.72,444.09,113.68,58.75,152.29
2020-04-01,103.91,267.07,181.57,282.72,230.08,139.06,247.71,215.36,323.17,348.64,435.43,54.09,70.05,296.55,255.99,67.3,114.58,300.79,273.52,81.38,308.2,341.98,258.36,87.4,81.9,522.66,139.61,81.23,181.5
2020-04-02,92.39,283.89,174.42,284.81,237.92,129.2,243.8,212.49,317.15,348.13,433.52,51.32,81.71,308.26,261.0,74.09,117.63,288.69,268.0,77.78,308.64,335.53,246.86,100.94,88.59,528.28,154.85,78.52,170.02
2020-04-03,93.72,281.14,169.51,277.62,240.37,123.18,261.78,229.28,313.76,340.57,428.39,43.66,78.23,300.39,251.17,79.62,115.15,282.61,271.68,83.65,317.31,341.59,254.92,92.71,93.91,535.46,149.83,79.69,166.69
2020-04-04,102.89,265.37,171.51,288.18,240.49,124.75,247.33,211.03,319.01,349.72,444.75,46.27,73.86,314.52,255.88,74.41,103.56,295.07,264.07,89.77,326.58,348.44,244.58,92.11,97.55,528.36,154.68,74.32,172.38
2020-04-05,101.49,283.58,173.28,291.29,237.25,125.0,258.75,225.11,318.34,342.76,447.02,45.27,72.06,307.73,260.74,64.3,108.06,286.06,278.37,82.17,313.66,332.65,241.75,91.14,84.19,538.06,135.51,72.9,170.1
2020-04-06,105.43,278.52,175.75,290.99,241.43,137.24,247.84,227.56,323.37,335.29,441.57,50.51,79.4,312.55,249.54,77.43,119.01,291.4,262.92,72.37,324.7,338.26,241.61,99.19,96.86,533.51,138.83,73.26,168.48
2020-04-07,108.24,274.66,172.71,289.78,242.22,140.41,249.24,224.88,315.09,346.47,436.33,41.65,77.53,297.45,268.24,63.53,118.41,285.8,265.76,74.17,317.83,341.87,243.38,93.24,82.2,531.29,142.28,82.31,169.0
2020-04-08,92.04,267.06,165.89,273.75,235.68,122.58,252.61,226.02,322.82,341.15,439.72,47.91,66.88,304.52,251.02,76.95,104.64,287.57,266.2,83.22,308.57,344.04,249.06,96.73,96.36,525.87,144.75,82.09,184.66
2020-04-09,97.23,284.11,181.11,290.34,241.2,137.81,254.54,219.78,311.84,348.23,428.51,53.57,74.02,299.73,263.34,79.73,113.4,295.8,279.19,82.17,310.27,333.25,248.04,92.98,84.74,532.44,144.46,80.58,167.51
2020-04-10,99.13,275.29,178.55,275.68,235.56,129.85,260.05,224.96,322.6,347.15,430.56,46.48,82.5,315.09,261.25,70.39,104.65,295.44,272.73,86.52,324.39,336.55,254.39,96.99,79.15,527.1,151.22,73.24,180.16
2020-04-11,100.64,270.66,164.69,276.42,240.81,137.09,246.45,227.43,310.74,350.44,429.13,47.01,71.67,312.18,266.8,66.31,109.54,285.9,267.02,77.14,318.39,336.87,253.04,102.56,95.43,534.49,144.89,73.84,176.08
2020-04-12,101.51,284.94,167.38,289.82,226.77,128.81,249.49,210.32,308.67,349.97,433.17,46.88,67.1,297.26,265.72,66.0,108.15,292.52,268.83,80.32,310.81,332.71,248.25,98.44,83.86,535.86,147.42,73.73,176.29
2020-04-13,91.62,265.4,177.91,286.18,231.26,138.21,247.45,214.34,325.64,339.38,446.31,42.74,77.53,304.08,258.24,80.14,113.01,294.05,279.62,77.77,315.01,341.44,256.45,103.53,81.05,524.48,143.02,73.89,175.57
2020-04-14,101.35,281.6,167.76,286.16,236.87,132.85,251.81,220.96,320.22,349.36,438.99,42.57,79.06,300.07,249.99,75.96,110.87,299.1,280.04,71.99,319.61,345.69,244.79,89.41,88.05,530.28,140.62,79.3,167.88
2020-04-15,95.7,283.08,174.53,274.74,226.78,131.19,248.62,209.73,323.06,343.65,444.52,41.45,82.22,303.79,258.5,65.02,113.93,297.8,272.36,80.03,310.95,339.24,254.61,97.87,85.17,522.21,150.66,78.2,175.14
2020-04-16,103.53,270.94,174.84,272.56,241.82,126.98,244.19,222.02,320.93,335.38,443.55,37.13,76.22,308.84,259.14,70.33,101.49,297.29,278.13,91.09,314.88,343.58,254.17,86.62,92.68,529.28,142.34,71.16,170.23
2020-04-17,96.17,270.3,162.22,283.13,239.13,138.36,245.46,222.47,310.81,340.58,435.51,43.54,66.79,301.58,268.21,70.41,103.9,288.44,267.49,81.27,322.1,339.14,248.27,94.49,88.42,536.5,151.92,80.57,165.72
2020-04-18,100.34,279.63,170.98,290.42,227.64,138.96,254.3,228.63,309.04,347.21,442.6,47.83,72.6,303.16,261.08,77.15,104.86,286.59,267.93,89.32,314.01,351.57,244.67,105.21,84.06,534.33,141.73,80.41,171.55
2020-04-19,99.46,272.0,169.16,273.1,244.88,141.0,257.93,216.01,322.59,344.33,428.34,45.07,63.32,313.91,268.07,74.69,116.91,289.08,269.25,85.74,324.38,344.32,248.86,86.95,92.57,537.97,142.29,77.17,175.65
2020-04-20,89.67,275.03,178.82,288.52,230.17,133.22,262.63,225.36,326.73,351.94,439.41,50.59,63.4,304.53,267.19,74.06,109.99,295.6,279.88,75.33,315.63,334.49,246.89,102.07,78.41,522.52,143.2,64.51,177.87
2020-04-21,94.65,273.16,179.48,291.18,232.38,123.29,254.56,217.5,320.21,349.28,435.42,43.95,66.95,311.71,254.36,64.46,105.91,297.49,280.93,79.46,316.8,335.68,255.67,96.27,88.5,529.41,143.62,77.44,172.5
2020-04-22,92.97,284.1,169.92,276.85,233.79,127.35,257.69,227.04,311.06,346.48,434.48,46.56,69.34,301.52,268.06,79.95,107.98,294.39,271.81,75.73,327.72,347.11,260.11,91.54,85.13,536.49,149.49,76.18,184.54
2020-04-23,96.77,277.86,178.6,280.94,244.14,136.29,257.57,220.05,322.07,351.75,445.69,45.09,65.08,303.98,263.59,80.29,107.27,286.22,262.75,71.84,322.45,338.88,260.35,88.96,90.33,525.25,147.29,62.69,172.67
2020-04-24,97.06,269.43,173.59,276.36,245.71,139.18,250.22,214.31,311.64,345.35,431.1,48.19,68.34,308.27,256.77,63.73,118.42,296.76,267.21,88.73,315.59,350.99,251.17,87.15,79.51,520.67,138.28,72.6,183.03
2020-04-25,93.71,271.98,171.89,274.59,234.17,121.5,253.83,227.36,326.46,344.27,428.21,43.38,78.95,301.35,250.5,75.35,102.39,286.77,278.32,90.12,323.14,344.29,246.27,93.35,78.71,534.16,135.5,76.87,174.72
2020-04-26,89.26,266.18,181.52,275.2,242.13,129.96,251.4,210.26,311.29,342.58,432.1,39.06,82.5,308.83,252.36,75.0,110.33,290.62,262.83,90.53,315.44,334.05,249.16,98.3,83.01,524.05,138.76,77.75,177.89
2020-04-27,100.36,283.88,165.59,288.49,244.76,133.81,262.95,219.63,316.35,351.59,446.68,45.78,65.93,299.81,268.14,61.66,117.18,298.19,263.79,77.01,311.65,343.15,259.93,103.51,82.39,533.63,142.74,69.73,167.64
2020-04-28,98.02,274.4,173.29,274.2,234.72,128.37,244.67,213.62,310.41,353.11,433.08,44.48,80.96,302.94,249.25,78.82,101.84,290.97,271.25,82.43,318.44,347.29,249.67,92.79,90.36,530.26,149.44,64.76,174.9
2020-04-29,97.39,270.99,166.52,279.39,244.4,140.99,254.74,223.03,319.01,353.0,446.55,49.13,73.24,309.54,258.89,74.47,117.19,298.6,274.58,83.28,322.86,342.6,249.51,87.36,85.6,520.17,140.96,80.45,180.8
2020-04-30,104.81,278.24,181.35,272.71,236.38,138.94,254.01,227.46,325.64,349.11,445.95,44.64,79.49,307.35,263.96,61.07,103.0,302.48,261.79,91.13,314.46,348.93,251.64,90.88,90.94,537.71,147.1,79.51,165.82
2020-05-01,102.88,274.51,164.62,273.76,235.71,135.64,253.13,218.12,322.77,351.65,439.41,51.22,68.36,302.47,258.61,76.0,105.67,283.54,274.13,77.32,318.19,342.84,249.98,104.71,88.48,519.66,144.57,70.48,184.18
2020-05-02,89.72,275.24,172.39,275.21,245.58,130.36,261.92,219.81,313.57,337.52,441.12,50.51,73.38,300.89,266.28,64.21,99.51,284.18,270.48,79.04,316.98,343.97,242.78,104.59,78.76,528.0,142.4,82.4,166.2
2020-05-03,92.09,269.57,166.76,287.91,241.5,126.67,252.41,227.77,310.99,334.67,440.71,44.12,70.52,309.96,265.05,74.27,112.66,283.61,272.9,87.63,322.07,338.53,252.31,105.77,85.11,532.75,138.04,66.57,183.48
2020-05-04,93.54,273.05,162.84,276.74,238.32,139.01,253.39,228.11,325.91,347.67,432.72,48.67,62.98,306.64,255.01,77.58,103.85,289.42,271.86,73.77,309.97,336.52,258.96,95.31,93.4,526.51,148.16,73.93,166.49
2020-05-05,102.33,283.29,177.16,281.77,241.83,125.51,246.63,224.29,311.63,348.89,439.22,48.8,65.48,305.35,260.68,69.96,107.99,282.7,269.75,83.94,320.65,335.91,255.36,97.59,83.6,524.07,138.37,69.88,170.7
2020-05-06,94.47,278.65,163.53,284.34,233.61,121.46,253.95,228.51,310.1,350.84,438.34,47.75,67.31,312.32,263.14,77.07,103.93,294.67,271.89,86.33,317.16,333.66,251.31,102.71,94.88,519.18,144.93,65.94,174.67
2020-05-07,103.57,267.82,165.85,284.44,240.8,125.07,262.93,210.62,312.1,349.68,430.92,43.33,65.68,296.92,267.57,63.23,107.62,295.14,266.59,72.76,313.65,348.03,254.35,91.24,86.15,534.15,152.54,73.44,173.79
2020-05-08,105.95,282.77,170.92,284.1,243.81,127.07,244.38,214.06,308.87,334.25,446.76,49.44,78.88,301.49,253.35,69.4,117.85,299.09,271.33,91.37,316.98,344.6,257.44,88.79,93.27,522.59,154.44,73.71,170.89
2020-05-09,104.33,271.32,177.49,275.82,239.97,129.56,262.46,213.4,319.14,341.58,444.92,50.06,71.14,300.45,250.15,63.54,111.07,289.77,271.54,84.36,316.4,335.54,244.75,103.82,95.13,527.67,147.94,63.83,181.24
2020-05-10,91.1,267.19,174.23,282.36,245.75,130.32,245.34,228.1,311.61,339.27,433.07,43.6,73.47,312.18,265.26,70.09,111.5,300.62,278.13,90.52,309.92,341.73,260.56,89.19,79.12,531.85,145.7,62.55,168.82
2020-05-11,92.94,276.78,180.46,284.86,233.94,131.73,249.77,216.67,318.75,335.94,443.06,42.45,79.69,313.4,251.99,68.47,103.74,299.02,280.35,76.17,309.78,334.47,259.56,100.65,83.24,533.37,138.79,78.31,170.37
2020-05-12,107.22,273.88,179.07,291.52,233.84,123.91,259.85,228.98,312.25,347.28,444.98,45.92,64.27,302.43,262.54,62.72,100.34,286.04,264.12,74.42,316.99,339.06,251.29,104.53,92.0,529.55,151.57,70.99,166.22
2020-05-13,107.62,275.57,163.05,290.69,230.96,133.97,252.76,227.77,321.69,342.92,432.37,45.2,72.03,302.06,251.15,72.8,113.35,285.47,271.21,72.63,313.96,334.8,254.03,98.97,95.0,526.26,137.21,70.17,172.43
2020-05-14,93.68,270.04,173.76,276.55,227.33,134.55,262.88,221.06,313.65,350.06,442.05,51.0,81.23,311.04,261.12,65.04,104.41,299.29,270.8,81.79,313.74,336.37,248.02,100.42,81.93,535.5,153.22,76.89,179.11
2020-05-15,100.64,282.15,173.43,273.57,226.13,130.41,247.73,228.52,313.88,340.87,447.18,38.66,80.56,309.7,259.15,71.56,115.14,295.28,272.97,87.7,309.0,337.34,253.7,93.48,94.95,536.96,146.17,70.82,173.97
2020-05-16,104.15,279.29,167.46,276.09,240.2,124.64,249.07,228.98,313.18,345.68,445.11,52.96,82.08,314.41,259.27,61.41,114.88,297.06,274.83,82.98,325.68,351.47,257.68,105.62,86.17,528.77,153.42,77.18,178.69
2020-05-17,101.73,269.19,172.85,292.16,238.16,128.84,252.9,220.8,325.76,352.24,433.27,38.61,68.87,307.32,255.92,80.43,104.73,282.65,270.27,79.94,319.14,342.87,242.99,95.06,85.4,535.61,148.84,71.7,174.63
2020-05-18,106.48,284.87,167.66,286.16,232.92,122.3,249.34,217.73,318.74,349.45,431.26,38.23,67.36,303.01,257.96,77.21,107.7,293.15,278.23,72.76,310.33,337.69,260.41,99.83,80.85,530.68,142.78,75.72,183.63
2020-05-19,107.46,281.25,165.18,272.88,245.33,135.76,253.44,216.54,312.73,349.76,446.81,42.56,70.17,309.23,262.96,78.62,111.82,288.6,274.81,85.31,323.07,339.8,261.19,94.94,86.18,529.37,139.51,80.0,173.09
2020-05-20,98.34,283.19,162.92,288.86,226.22,135.31,255.09,211.02,324.22,344.02,446.72,45.82,65.88,305.68,266.24,71.87,106.77,298.86,262.28,76.73,324.76,340.08,252.78,100.44,87.51,535.96,146.2,72.3,179.89
2020-05-21,90.04,284.83,166.66,289.89,237.32,136.07,262.17,213.06,316.38,342.91,443.35,51.75,71.2,298.51,266.54,74.02,117.56,300.03,276.09,84.44,327.28,351.7,247.87,95.06,92.26,538.21,149.54,78.18,175.43
2020-05-22,102.62,280.3,174.03,281.68,229.86,127.83,252.94,209.88,316.76,351.78,430.26,46.66,69.75,305.29,256.63,64.53,117.88,283.77,280.95,79.34,327.21,350.19,255.59,91.57,77.98,528.35,153.33,78.38,168.57
2020-05-23,96.93,268.15,177.78,289.23,242.44,125.46,247.7,225.81,312.72,336.35,437.08,50.86,80.66,314.97,256.39,65.14,107.36,298.45,270.83,73.54,312.88,340.59,255.44,86.98,86.84,528.32,141.01,67.78,177.31
2020-05-24,89.84,268.29,166.91,282.63,241.2,138.46,262.86,216.96,321.61,338.56,431.22,53.28,81.36,305.9,248.92,74.33,115.58,298.61,279.73,82.02,321.29,345.22,250.93,99.44,79.71,522.72,154.43,76.75,173.16
2020-05-25,100.24,277.56,175.32,276.24,237.53,138.04,244.7,211.49,314.41,348.04,435.35,43.44,71.33,316.05,249.12,62.04,105.74,300.13,271.53,77.9,325.99,341.6,258.15,90.43,93.26,529.43,142.27,66.59,172.95
2020-05-26,98.79,272.89,165.19,277.33,232.86,138.37,262.47,216.06,310.94,338.63,440.52,49.19,64.99,298.52,267.94,71.34,110.52,288.65,266.66,86.18,319.07,350.76,259.78,87.24,94.01,521.13,136.12,69.29,181.04
2020-05-27,98.78,283.68,173.06,281.74,236.89,125.21,244.89,218.54,306.99,345.84,437.93,48.0,77.81,299.52,263.25,64.33,99.94,286.61,262.76,89.05,310.71,336.62,259.41,102.36,87.3,519.97,136.21,73.11,180.86
2020-05-28,104.35,265.7,181.95,284.25,239.41,136.13,248.73,221.93,306.89,348.27,437.46,43.58,63.99,297.38,259.34,76.73,106.57,289.28,273.66,82.3,309.16,350.63,254.08,88.21,84.72,524.65,148.63,66.18,184.73
2020-05-29,92.78,278.23,169.96,273.82,240.57,129.53,250.56,219.72,317.52,343.63,446.93,53.25,77.95,313.98,253.44,71.05,102.63,287.97,274.65,89.96,309.32,334.53,258.57,106.14,83.54,525.42,146.63,63.23,185.44
2020-05-30,95.17,276.87,168.85,275.39,238.24,128.79,248.95,212.98,322.15,335.23,428.61,36.4,77.31,304.37,261.24,73.43,99.37,292.36,269.76,90.26,315.69,351.0,256.41,101.7,79.72,535.71,152.1,70.53,171.94
2020-05-31,102.81,282.09,166.32,277.51,240.06,123.4,253.49,218.42,319.37,344.37,441.02,41.78,71.56,305.69,248.79,77.74,100.84,286.77,279.76,89.4,324.93,341.87,241.49,96.29,94.75,537.28,142.14,71.69,178.85
2020-06-01,102.9,281.18,172.56,282.0,241.99,121.38,243.33,218.08,316.23,334.23,442.67,51.66,63.82,305.74,260.15,77.95,115.76,285.29,265.59,78.84,317.2,352.38,243.26,91.65,92.5,521.78,143.99,79.61,175.7
2020-06-02,100.2,278.9,171.96,282.81,242.22,131.65,258.07,214.02,311.01,344.42,434.29,54.08,73.01,306.95,252.76,61.72,118.73,294.66,277.66,84.09,317.32,346.73,242.03,101.72,96.16,534.26,136.81,66.88,175.5
2020-06-03,102.93,270.58,166.8,274.04,232.95,136.47,247.78,215.78,317.99,334.3,444.88,43.58,63.3,303.54,248.67,76.04,101.47,285.68,276.67,77.89,327.26,347.1,260.66,96.64,84.36,524.73,143.41,67.33,177.68
2020-06-04,106.18,269.64,181.37,283.05,230.52,139.34,253.11,215.0,309.67,350.13,447.13,37.21,75.29,297.89,267.23,65.87,117.64,293.71,275.19,81.13,323.0,334.43,242.94,101.33,89.47,533.19,146.97,65.05,178.55
2020-06-05,93.09,280.55,165.98,280.16,226.36,133.13,251.18,218.45,308.94,339.15,434.75,48.43,80.69,301.43,252.32,65.02,104.0,284.53,270.47,76.61,312.25,347.02,241.33,103.54,84.98,523.02,141.11,74.48,177.84
2020-06-06,104.63,278.81,180.77,288.87,240.49,125.26,260.28,221.83,322.36,346.53,430.73,53.6,75.8,315.41,260.94,79.95,102.4,291.07,267.86,77.09,309.41,348.28,255.29,89.65,90.09,530.51,152.14,78.0,175.71
2020-06-07,107.41,278.71,165.6,280.37,239.06,139.23,252.66,219.68,313.02,338.89,444.68,43.65,73.76,297.38,250.89,77.59,100.7,292.78,268.82,80.2,314.1,350.39,252.62,87.64,96.4,525.37,151.79,72.3,171.64
2020-06-08,103.19,265.67,174.12,285.27,231.46,121.09,252.45,215.77,326.28,352.51,430.05,36.68,70.74,313.22,255.67,67.23,112.29,298.2,274.82,83.52,315.74,348.29,243.36,97.33,82.91,527.97,147.87,81.92,166.29
2020-06-09,100.02,279.87,163.95,277.64,228.65,137.18,250.71,222.63,320.25,334.64,442.76,36.45,77.79,299.18,251.97,67.92,100.92,292.11,279.09,71.99,308.13,340.64,257.64,89.47,81.4,527.63,149.8,74.38,184.87
2020-06-10,102.23,283.88,175.26,289.42,227.45,139.04,257.11,225.43,313.22,349.22,440.5,48.22,73.3,302.8,257.7,62.18,118.95,285.93,275.58,77.2,312.02,337.76,260.44,101.06,81.67,530.35,139.84,68.75,173.18
2020-06-11,98.9,284.87,166.98,290.06,244.34,126.75,259.75,227.7,321.77,348.9,430.71,47.96,81.22,310.62,252.83,73.62,114.12,289.67,271.43,89.49,319.9,343.19,259.65,104.0,83.71,527.63,154.48,70.13,167.2
2020-06-12,98.17,269.79,165.71,285.29,240.34,123.8,259.97,218.5,317.92,346.78,444.61,51.24,65.16,316.23,255.35,75.98,117.37,287.23,270.73,82.65,311.16,342.97,260.06,105.63,92.34,529.75,153.03,70.17,180.81
2020-06-13,98.75,280.65,168.02,272.95,244.72,121.46,259.66,219.41,323.96,343.62,439.17,36.46,82.01,312.09,263.06,80.34,109.35,283.98,270.84,79.99,325.13,336.98,245.34,88.18,88.6,533.8,152.47,68.48,185.54
2020-06-14,106.47,267.65,181.64,280.38,228.65,128.89,246.52,223.42,312.75,337.42,432.63,38.65,68.21,302.24,258.79,64.2,111.71,294.43,275.5,75.2,312.09,343.31,254.25,87.37,78.21,534.21,145.63,68.0,183.15
2020-06-15,90.35,267.56,179.29,274.44,227.92,126.72,261.08,219.84,315.48,349.47,444.7,40.81,68.66,314.06,253.8,66.89,118.03,299.25,261.78,89.14,314.94,343.32,242.4,102.11,78.35,526.65,149.56,64.54,178.08
2020-06-16,107.97,282.35,166.08,279.11,235.58,121.46,244.5,227.99,321.61,334.17,447.61,55.23,68.76,313.37,253.16,62.44,112.32,294.06,263.62,88.42,312.43,339.2,243.13,94.32,87.23,538.27,145.22,69.49,171.81
2020-06-17,101.99,280.58,174.0,274.6,244.63,136.28,260.75,217.01,321.64,349.34,436.14,41.08,77.59,303.28,256.67,74.43,107.9,285.84,266.04,81.02,316.53,333.88,250.98,99.45,86.59,533.13,153.86,64.38,166.79
2020-06-18,103.77,267.36,174.65,284.79,233.8,133.33,249.52,209.52,326.68,338.21,429.7,37.13,72.14,315.08,263.42,66.83,109.79,302.31,278.21,90.69,323.38,336.43,242.3,90.63,90.74,520.35,151.4,65.83,168.44
2020-06-19,102.7,284.75,181.4,290.99,227.49,136.0,252.04,217.02,324.0,339.65,444.48,52.23,71.99,296.77,258.14,61.77,109.0,300.36,261.44,89.23,312.4,342.37,254.67,101.51,86.3,533.21,146.43,67.67,166.26
2020-06-20,92.92,268.55,165.32,285.66,244.37,129.36,252.3,223.87,307.01,338.67,436.84,38.3,74.38,298.92,253.84,74.72,116.14,295.44,263.44,84.41,323.56,349.85,255.41,101.71,89.19,537.41,150.73,76.34,182.09
2020-06-21,91.49,279.76,173.56,280.44,235.63,127.25,252.92,216.9,320.17,346.14,429.51,46.55,76.99,301.69,259.92,72.52,108.94,291.42,266.42,79.33,327.53,350.08,244.06,93.23,77.87,538.75,147.25,78.26,175.68
2020-06-22,91.18,283.06,169.61,287.03,226.34,132.93,257.64,222.22,323.3,349.21,433.96,46.26,81.99,300.68,262.55,62.94,107.15,293.95,272.01,79.17,313.89,344.3,256.64,97.38,78.27,531.07,148.56,76.77,173.09
2020-06-23,89.47,284.31,165.29,279.16,244.46,133.57,256.48,217.26,320.72,350.33,443.45,53.21,74.21,306.93,265.13,72.39,110.15,301.64,275.56,79.5,316.01,345.4,244.18,92.04,82.14,526.89,150.6,75.88,171.04
2020-06-24,105.87,268.03,167.83,290.37,243.3,137.87,245.66,209.53,310.64,346.71,435.97,45.2,73.68,310.88,259.42,64.67,116.61,300.56,266.82,81.49,311.41,333.65,253.28,100.22,92.05,522.94,149.64,66.94,167.57
2020-06-25,89.39,268.03,171.93,283.54,233.8,123.66,244.67,219.01,321.9,352.76,437.16,43.66,67.64,301.02,268.17,69.4,101.8,295.64,262.77,88.81,320.68,339.68,258.52,102.97,81.22,537.93,151.11,69.1,165.78
2020-06-26,95.06,275.77,170.42,286.92,231.92,121.47,253.44,225.16,316.6,345.83,433.85,42.91,81.55,300.46,265.72,77.7,100.32,291.1,265.13,84.5,324.33,344.48,260.59,103.15,81.04,538.59,147.29,74.14,179.87
2020-06-27,95.95,270.98,170.45,283.35,233.35,135.25,248.41,213.56,323.01,343.49,439.41,46.87,63.65,303.99,251.21,77.41,119.03,288.71,276.52,82.53,320.07,347.29,255.97,101.89,86.68,537.23,143.96,74.16,173.15
2020-06-28,99.2,270.04,169.21,289.87,235.86,129.51,254.08,218.48,316.7,335.75,435.97,49.41,79.43,311.21,265.62,65.99,100.97,299.92,266.28,90.39,327.48,332.78,257.64,86.88,93.75,526.92,135.91,63.34,173.3
2020-06-29,107.78,266.72,181.39,289.19,237.83,135.9,247.76,226.31,309.26,339.27,435.0,54.79,62.62,314.7,251.5,62.16,102.57,295.45,265.79,86.34,317.2,342.51,246.8,93.93,94.73,521.19,154.03,67.14,184.56
2020-06-30,90.56,283.65,180.35,284.97,230.29,125.31,246.79,223.05,314.82,349.83,438.49,50.24,65.01,305.65,262.37,71.44,117.66,293.2,265.63,89.06,312.52,334.01,259.3,89.91,89.73,527.44,152.02,73.46,182.23
2020-07-01,82.28,220.73,134.94,232.75,197.55,117.95,214.55,173.37,256.64,280.63,370.78,44.73,56.29,260.52,206.78,63.34,89.87,249.31,220.69,66.18,271.35,282.13,206.65,82.84,83.01,438.53,113.34,62.3,153.55
2020-07-02,79.55,232.64,134.68,237.2,202.97,104.24,210.36,193.6,265.7,292.43,375.19,33.94,62.24,256.12,220.23,51.24,89.14,245.37,230.93,66.99,261.49,292.57,219.53,79.5,76.3,440.43,122.46,69.31,146.28
2020-07-03,84.39,231.05,139.59,246.38,196.27,116.95,220.2,186.12,260.4,294.4,360.58,38.86,68.4,262.34,210.86,56.43,84.53,239.09,234.21,64.99,276.48,279.26,210.87,86.95,69.97,439.07,115.62,51.45,153.72
2020-07-04,89.83,241.09,142.42,247.13,202.26,109.29,216.27,178.61,269.71,290.39,366.38,34.49,56.47,260.78,213.21,52.21,93.94,242.64,224.3,68.16,268.72,281.11,202.13,73.78,68.9,436.33,113.63,65.68,153.82
2020-07-05,83.95,234.94,152.52,230.9,197.42,118.15,222.44,178.62,276.72,282.76,377.54,40.13,63.5,256.02,226.55,53.37,98.05,244.86,226.53,77.64,260.05,296.22,214.79,90.71,70.18,455.25,116.15,64.97,149.34
2020-07-06,81.97,233.94,148.88,242.25,200.09,114.68,217.08,186.63,278.04,298.26,364.7,30.01,58.54,262.15,218.38,65.16,101.93,254.9,230.17,63.57,259.84,293.57,220.73,79.7,76.73,443.14,124.45,62.28,141.58
2020-07-07,88.12,239.92,150.77,235.96,205.92,110.98,217.94,181.98,264.04,281.76,362.98,39.29,64.9,259.61,209.52,62.09,85.45,248.9,230.32,69.01,275.92,282.16,211.55,86.33,70.79,450.13,130.25,61.35,149.68
2020-07-08,75.03,237.59,149.14,248.79,205.28,116.18,210.5,181.33,264.83,286.19,371.76,37.09,58.12,261.96,212.49,58.87,90.25,257.07,233.44,65.11,263.09,291.52,217.37,80.83,77.88,453.69,117.39,62.15,153.83
2020-07-09,76.37,243.87,150.6,242.29,206.69,117.88,219.71,178.84,268.84,301.97,374.88,30.14,62.48,260.26,215.04,70.0,88.94,256.11,235.14,75.94,263.57,293.47,222.41,87.04,70.22,445.69,125.97,69.99,157.11
2020-07-10,82.14,244.83,149.86,243.1,198.51,105.25,222.99,189.73,275.25,303.48,369.77,32.77,71.47,253.81,212.77,62.52,101.81,248.63,234.81,72.3,280.76,288.11,206.15,88.61,76.04,449.22,122.42,64.24,150.0
2020-07-11,86.7,245.26,151.2,233.06,193.0,118.3,218.14,180.98,267.69,301.62,373.09,29.64,61.06,271.3,216.49,67.13,86.51,247.0,239.73,73.34,266.6,289.13,220.34,87.85,75.89,461.57,115.9,59.9,145.54
2020-07-12,87.02,237.18,143.78,252.07,208.83,114.48,219.74,179.51,275.4,303.4,381.63,36.51,58.0,262.25,221.0,68.89,94.79,259.41,234.08,71.04,277.22,293.15,222.99,91.81,74.52,456.7,128.73,65.0,143.17
2020-07-13,85.4,227.6,141.47,252.4,197.42,118.86,219.89,192.55,264.18,291.22,387.36,44.95,58.54,257.19,228.34,54.63,103.83,243.01,239.77,78.46,277.0,301.32,223.56,85.33,66.85,460.38,133.27,63.83,158.15
2020-07-14,76.68,228.67,149.44,238.33,208.7,117.6,215.08,192.59,277.15,290.31,386.89,32.36,71.27,264.26,228.92,66.46,99.07,252.08,231.02,66.6,266.51,301.79,212.9,79.9,68.98,456.81,122.78,67.8,142.1
2020-07-15,94.75,235.77,153.37,248.6,213.62,103.87,210.6,196.31,279.65,305.78,371.08,40.49,63.37,263.07,225.19,54.38,90.62,260.7,233.89,63.52,267.53,289.77,223.28,90.0,69.48,461.08,117.74,65.06,150.01
2020-07-16,84.34,232.96,152.47,238.88,209.4,117.54,211.61,184.55,274.77,301.01,382.76,32.33,55.43,258.22,222.71,58.28,99.7,255.76,230.48,63.32,283.28,295.44,224.77,83.48,82.63,451.14,117.75,62.16,158.45
2020-07-17,91.9,242.42,154.57,244.6,201.09,117.5,222.27,197.72,282.87,294.27,372.13,34.47,57.55,270.8,218.45,56.57,95.62,264.44,229.9,64.03,267.81,298.04,218.19,86.73,76.16,467.38,118.55,58.6,143.82
2020-07-18,89.81,241.67,144.48,251.23,196.28,123.62,221.03,193.05,268.84,294.1,387.2,31.56,71.85,257.85,225.17,68.71,96.4,250.08,244.31,74.66,285.87,295.47,210.25,82.86,68.23,464.48,135.77,57.44,155.14
2020-07-19,76.82,233.77,148.68,239.57,215.49,110.16,221.36,185.35,274.13,296.88,384.94,36.47,72.9,260.87,227.92,63.12,99.34,251.09,244.26,79.41,285.33,304.27,227.54,87.72,75.66,461.21,129.66,69.96,151.71
2020-07-20,78.6,244.44,158.36,249.49,212.94,122.8,220.54,193.41,282.03,298.18,385.84,50.18,61.41,275.78,235.13,52.87,98.07,260.11,246.6,61.87,284.31,298.29,226.35,85.59,77.55,466.98,136.65,64.65,154.44
2020-07-21,78.98,248.16,149.05,241.71,214.6,116.51,226.3,199.59,280.02,309.75,385.89,38.73,55.82,277.44,228.14,55.79,104.96,261.73,237.76,81.61,285.58,293.17,226.87,83.52,70.09,459.81,124.99,65.67,154.53
2020-07-22,83.64,233.2,147.14,255.22,199.54,113.7,222.67,184.44,275.53,310.01,392.97,37.37,60.86,270.3,228.53,58.65,97.03,261.69,233.69,78.76,282.77,307.19,211.78,79.05,85.31,464.9,122.5,62.6,150.11
2020-07-23,84.02,237.32,143.1,257.28,216.35,113.54,220.19,191.11,278.71,306.38,395.43,40.46,57.99,264.61,228.28,59.81,95.46,257.05,244.2,67.5,282.7,294.44,227.06,78.78,75.54,466.52,128.22,73.5,152.51
2020-07-24,86.9,243.25,161.53,259.32,208.0,121.89,219.73,197.98,278.57,303.05,378.1,42.55,70.33,271.14,238.03,60.97,105.89,251.85,250.33,70.62,283.38,306.69,232.02,91.18,70.27,467.75,131.65,72.21,154.97
2020-07-25,89.43,238.15,160.21,254.34,199.97,124.75,230.24,204.54,280.4,309.78,387.4,42.4,57.01,280.09,226.12,61.61,105.5,263.39,237.95,69.94,280.03,312.32,219.61,77.35,73.52,478.57,137.85,59.5,155.84
2020-07-26,94.22,241.58,160.63,261.03,213.91,109.07,233.4,188.73,281.94,306.75,396.41,38.56,56.88,274.19,226.99,71.43,107.37,262.34,232.93,63.84,284.45,300.03,233.39,81.01,78.99,463.83,129.1,72.02,165.75
2020-07-27,80.9,244.83,151.07,243.79,213.56,121.89,224.02,200.92,290.51,300.83,381.65,33.89,73.53,266.43,230.51,71.15,93.94,263.24,237.77,82.62,279.17,312.22,220.76,77.34,75.96,475.44,139.12,62.94,148.62
2020-07-28,97.82,245.52,155.11,252.1,215.09,125.68,235.37,195.53,282.3,298.17,400.71,45.19,56.84,275.08,235.3,61.16,92.18,257.74,250.16,80.75,275.04,310.36,228.17,89.07,70.99,473.63,122.92,63.51,153.79
2020-07-29,98.26,240.44,164.01,262.8,205.47,126.21,232.1,194.91,293.86,313.67,398.26,33.93,70.13,269.33,233.47,59.73,97.18,257.44,239.26,81.58,292.98,308.99,218.93,92.33,82.95,466.02,124.3,74.62,150.13
2020-07-30,89.42,256.79,158.41,251.83,204.26,115.39,231.49,204.98,279.28,303.87,389.05,31.9,63.34,267.96,227.67,64.8,90.83,270.98,249.88,81.1,288.07,305.09,217.73,96.84,70.09,471.47,131.76,64.9,157.85
2020-07-31,91.36,240.71,158.19,248.9,212.84,125.47,223.47,206.29,291.8,299.84,404.33,32.31,60.6,268.7,237.56,68.13,105.62,260.62,242.43,77.29,278.72,304.47,228.73,94.23,87.93,470.07,137.5,58.22,159.01
2020-08-01,84.82,251.24,147.61,263.49,204.09,109.78,235.5,200.42,287.85,306.61,405.74,45.5,73.3,270.43,227.94,70.98,98.74,267.17,238.71,82.16,295.6,310.31,219.33,86.09,77.14,477.02,121.35,62.33,157.88
2020-08-02,95.03,257.05,163.49,248.11,220.93,127.43,221.95,190.32,288.21,319.88,387.83,48.56,68.13,270.69,231.95,69.33,95.64,257.86,255.65,70.88,288.44,314.6,234.82,96.74,84.06,477.71,132.55,71.34,164.4
2020-08-03,90.61,251.79,159.53,256.33,220.34,128.98,233.95,202.08,281.04,320.04,391.73,51.07,61.93,270.21,225.66,73.41,89.47,264.47,241.32,69.73,284.5,317.96,235.01,84.53,89.4,486.83,129.62,71.26,149.88
2020-08-04,93.18,242.76,156.03,264.2,210.73,113.96,236.61,196.05,278.83,316.29,398.55,38.03,66.23,270.21,234.28,54.99,93.95,269.52,250.1,65.48,285.08,319.04,235.72,79.84,88.46,490.33,140.16,72.75,161.6
2020-08-05,82.61,244.55,161.93,266.4,206.32,112.25,224.91,199.67,296.83,320.66,409.52,51.91,61.48,277.24,236.61,70.87,97.48,263.98,256.23,65.75,284.63,309.53,233.02,88.41,72.53,491.8,137.58,59.9,153.52
2020-08-06,97.34,260.82,158.04,252.21,215.13,112.34,240.26,210.7,295.45,314.63,398.12,47.86,59.94,285.5,230.86,73.52,107.95,270.83,249.59,81.99,295.97,312.11,227.1,95.02,79.26,479.87,136.92,68.95,154.76
2020-08-07,96.13,258.84,148.62,259.7,222.73,125.41,223.46,203.24,300.69,323.44,395.31,43.57,57.91,275.2,244.33,67.0,90.51,261.91,241.11,80.71,294.22,320.62,221.33,81.23,89.68,490.02,141.18,75.88,156.42
2020-08-08,98.15,261.25,153.68,266.27,221.47,126.01,241.42,196.51,282.87,321.64,412.68,37.22,62.04,285.35,232.79,69.74,93.91,267.92,241.95,65.46,297.44,316.0,240.59,90.07,87.13,488.45,140.81,70.55,155.63
2020-08-09,82.53,249.77,152.04,267.45,218.34,129.04,241.51,211.12,290.8,325.87,401.96,45.64,68.22,289.76,247.93,65.91,94.47,274.52,254.52,72.98,297.27,309.08,222.09,93.37,76.94,479.86,127.57,75.12,166.94
2020-08-10,84.18,262.46,161.36,269.31,214.18,119.69,228.14,199.63,299.29,322.02,406.48,38.87,67.48,286.3,230.21,66.64,96.16,262.03,259.15,84.27,300.67,322.48,228.04,95.36,82.24,497.85,142.44,62.51,161.7
2020-08-11,92.69,264.33,152.84,268.62,215.91,115.96,242.54,198.29,295.47,325.78,397.94,47.6,71.42,281.61,244.01,65.52,91.48,266.1,252.8,68.28,287.71,325.15,242.41,81.62,80.25,488.88,143.76,73.28,164.01
2020-08-12,100.02,255.52,150.2,261.75,215.7,113.63,225.64,200.56,302.0,321.01,406.86,43.55,69.26,290.59,236.71,56.81,95.02,277.0,244.92,85.34,296.84,317.13,236.81,82.84,78.86,494.32,131.63,67.39,171.71
2020-08-13,101.4,253.17,169.27,254.55,225.54,116.53,238.51,198.44,288.74,329.07,412.18,49.6,59.04,285.18,238.45,56.84,101.02,270.2,245.96,82.22,289.76,311.54,225.25,95.04,74.21,495.37,132.15,68.48,156.55
2020-08-14,88.66,262.77,154.03,269.51,211.21,115.27,237.68,210.79,285.97,325.02,418.13,48.79,72.28,293.41,243.85,60.49,93.34,264.85,259.89,83.63,297.35,315.0,228.96,97.83,81.99,500.3,143.71,70.42,172.02
2020-08-15,90.27,248.9,153.16,254.65,217.81,125.01,243.77,195.59,305.49,317.52,408.19,35.44,74.85,295.07,235.72,69.81,106.67,268.86,254.91,79.58,299.06,327.18,230.73,89.75,82.27,488.42,132.97,73.96,170.54
2020-08-16,94.87,249.12,170.16,270.51,222.82,119.59,227.87,197.45,291.97,314.51,407.55,41.52,64.85,284.2,251.86,74.29,109.75,273.9,250.11,73.88,296.74,311.4,230.78,93.53,86.47,502.6,126.21,59.47,171.95
2020-08-17,89.67,262.62,165.27,265.2,227.1,130.46,236.95,202.91,298.93,323.88,412.47,34.32,70.19,287.3,245.2,63.48,99.04,267.79,256.98,84.32,302.63,330.05,237.15,82.93,81.96,504.34,133.71,61.48,169.34
2020-08-18,88.73,256.25,162.04,268.59,224.53,130.1,235.18,213.55,295.37,322.32,416.11,34.34,66.72,289.1,238.64,68.33,110.13,284.4,264.95,70.81,308.16,319.75,238.21,91.17,84.04,497.56,141.86,64.91,171.56
2020-08-19,94.78,264.18,154.43,275.48,219.38,122.44,238.95,210.45,305.72,324.36,413.22,35.16,67.42,290.14,253.91,67.34,105.85,271.26,257.49,69.75,293.6,331.28,236.62,88.7,79.95,491.49,141.81,77.41,174.69
2020-08-20,98.75,267.28,154.62,272.76,219.64,126.83,231.22,199.02,304.44,327.24,406.62,41.56,72.17,290.6,239.28,60.57,111.06,273.92,263.03,72.14,291.07,318.11,245.71,93.2,81.43,507.71,147.32,66.68,173.29
2020-08-21,83.81,251.96,159.91,264.38,226.98,118.37,244.35,216.85,296.85,325.86,405.97,37.61,61.05,285.67,249.69,60.93,109.6,272.22,248.64,82.64,296.26,318.35,230.34,89.32,91.0,502.42,137.35,60.6,174.17
2020-08-22,102.31,254.53,172.01,267.93,230.58,128.51,249.65,200.46,307.07,331.37,407.65,48.38,66.91,287.88,245.82,64.05,95.8,274.8,249.56,83.22,292.81,319.41,241.3,85.91,78.87,499.13,146.76,63.41,165.65
2020-08-23,88.47,269.21,169.13,269.83,228.86,127.04,247.5,205.4,294.91,318.17,410.31,44.26,67.9,299.08,253.33,68.28,110.94,288.31,264.22,68.64,302.1,318.87,247.9,93.51,89.01,497.85,131.35,66.62,160.36
2020-08-24,92.02,271.07,156.92,269.73,219.29,134.98,233.12,217.99,308.26,326.2,423.03,52.74,59.78,285.68,248.0,65.34,95.86,270.78,253.39,68.36,296.11,323.3,238.96,82.43,77.51,499.47,138.14,78.48,161.84
2020-08-25,89.66,256.83,172.17,272.53,222.02,131.34,241.14,200.42,308.84,328.83,423.76,53.43,61.91,290.99,252.75,58.57,101.19,279.62,257.46,81.61,304.93,337.23,247.59,97.22,89.35,512.97,137.19,59.91,162.27
2020-08-26,93.93,269.27,172.94,275.87,216.86,130.51,237.18,216.83,313.41,334.71,425.16,40.11,71.88,302.45,256.49,63.82,107.56,279.79,255.6,86.33,298.37,326.65,244.57,97.32,91.19,507.83,133.49,71.92,164.84
2020-08-27,85.72,274.46,162.1,274.03,233.19,118.24,235.7,219.82,312.75,337.04,430.3,50.99,69.55,293.97,240.05,74.09,113.07,277.41,265.19,87.28,311.37,326.9,236.58,94.19,92.75,506.33,146.54,76.21,174.98
2020-08-28,102.81,260.78,174.25,269.29,218.38,124.77,248.22,207.03,312.1,332.2,425.27,45.67,66.97,294.06,246.43,70.73,98.29,278.67,253.35,76.11,315.57,328.78,240.56,90.34,87.05,505.14,146.08,65.82,166.42
2020-08-29,88.99,257.0,171.05,279.52,218.99,127.82,245.03,205.58,303.7,328.23,426.45,39.72,66.06,288.56,252.44,62.15,101.46,289.62,262.81,85.62,302.1,328.94,252.02,94.69,90.32,503.17,139.94,63.86,178.34
2020-08-30,92.81,274.46,171.25,275.31,219.12,132.78,241.82,219.54,304.49,336.9,429.44,44.63,73.47,306.08,248.83,63.03,96.78,278.28,257.26,77.71,308.97,323.49,248.28,102.34,82.58,515.75,149.06,69.24,164.76
2020-08-31,86.97,259.88,166.92,283.42,233.89,126.2,253.55,205.89,306.92,334.17,429.9,53.65,73.75,291.9,243.62,77.92,103.89,279.8,265.08,84.7,313.11,342.17,236.54,91.77,85.46,505.32,141.86,80.1,168.78
2020-09-01,105.02,262.05,158.32,276.38,239.08,129.55,246.12,217.67,316.52,338.94,426.83,47.61,78.02,307.6,254.49,63.8,107.96,283.49,269.99,80.61,303.97,328.41,250.42,95.25,75.36,522.74,133.75,65.58,177.37
2020-09-02,99.09,272.01,165.13,284.18,232.62,134.66,251.21,206.31,299.31,326.12,418.93,39.09,68.9,305.4,253.78,76.85,99.91,291.17,257.57,72.51,305.75,330.09,250.11,87.3,84.73,525.96,137.3,69.31,175.96
2020-09-03,106.56,271.52,164.65,268.02,238.12,120.75,243.89,212.87,306.68,327.31,434.44,41.72,71.95,303.75,245.23,60.33,100.1,282.94,262.08,79.63,302.61,342.16,251.64,94.77,78.53,520.01,132.44,65.68,175.25
2020-09-04,89.21,260.84,164.1,272.07,234.11,134.3,245.34,222.26,303.1,335.44,429.57,44.57,79.33,306.47,261.14,66.72,111.62,296.29,270.77,76.52,309.72,343.85,237.46,95.2,88.87,515.05,136.66,78.85,176.98
2020-09-05,88.16,276.93,175.86,270.09,236.3,121.11,244.33,221.56,308.82,342.15,436.14,53.11,79.84,310.71,257.21,70.14,111.1,291.58,267.71,75.82,319.82,338.04,253.49,101.15,91.66,523.72,149.44,79.65,178.21
2020-09-06,99.56,263.82,161.63,277.81,233.1,132.51,251.65,218.7,305.06,342.73,422.2,51.85,75.72,308.85,264.35,61.39,104.3,293.7,257.24,86.36,318.97,335.85,253.03,88.65,86.11,523.35,151.05,76.62,173.14
2020-09-07,94.1,277.38,172.61,273.27,235.69,124.91,258.73,210.1,317.82,344.27,425.04,53.43,64.77,301.0,247.35,70.02,104.28,285.81,276.12,74.67,319.57,347.33,246.28,93.65,82.22,521.7,143.54,76.62,168.73
2020-09-08,88.14,266.58,174.54,278.71,240.53,138.51,246.2,225.68,308.48,334.93,431.56,45.2,71.87,305.62,249.5,68.58,109.53,296.39,267.26,73.19,309.13,329.49,244.56,105.29,87.92,530.25,146.0,70.06,182.67
2020-09-09,106.19,268.48,164.56,279.57,232.05,137.62,258.78,219.29,308.1,349.08,436.29,40.13,71.03,303.5,255.41,73.02,102.48,287.48,268.09,72.07,310.67,338.12,250.28,94.62,88.6,523.09,145.47,80.96,182.35
2020-09-10,101.44,266.78,171.61,276.91,240.76,125.27,243.27,222.4,318.05,337.11,437.71,47.02,68.15,297.46,260.73,63.54,110.0,291.34,273.24,77.39,317.61,345.18,239.98,105.83,79.7,516.52,135.02,69.96,172.53
2020-09-11,95.72,272.84,169.18,288.37,227.27,123.02,257.04,219.98,315.83,345.89,431.38,50.59,74.4,304.76,251.82,72.98,111.57,300.33,260.02,83.43,321.97,340.13,242.62,87.53,84.61,519.98,138.31,63.0,173.42
2020-09-12,97.19,270.49,181.04,282.31,228.11,128.08,258.92,215.36,307.39,338.72,434.59,46.83,63.57,308.86,257.4,80.24,117.63,289.87,274.36,74.86,312.18,343.55,251.66,89.14,96.74,528.67,149.97,78.07,176.29
2020-09-13,102.15,269.86,165.84,289.14,234.8,122.02,243.06,213.74,314.13,340.58,427.83,40.98,71.78,314.1,268.34,78.29,117.23,286.16,266.8,76.46,327.1,349.92,260.29,99.56,81.93,536.65,146.87,75.58,179.22
2020-09-14,90.45,279.08,172.06,277.71,230.14,140.61,262.81,229.14,316.62,334.6,439.74,40.14,64.71,313.57,251.55,74.88,113.25,294.24,268.81,82.41,322.79,336.18,255.48,91.35,91.93,537.7,147.2,75.2,178.34
2020-09-15,94.79,273.88,167.32,284.0,232.27,122.56,260.08,224.36,324.21,339.47,435.16,44.77,82.69,305.86,261.31,78.67,107.85,296.27,278.49,82.94,317.92,343.38,259.16,104.0,86.09,539.3,141.82,79.29,185.39
2020-09-16,95.49,267.14,176.46,283.81,243.42,136.69,259.47,220.74,324.41,340.03,437.93,38.3,67.19,305.72,260.36,68.88,103.5,299.11,277.61,88.57,322.54,342.23,255.85,99.58,91.7,533.04,144.11,78.68,175.48
2020-09-17,94.15,267.75,176.16,285.71,241.34,135.71,251.64,225.95,311.83,346.26,451.1,53.24,80.58,312.93,253.52,76.72,106.7,299.36,271.7,80.44,311.44,339.64,249.92,89.37,85.85,530.38,140.63,71.13,170.69
2020-09-18,93.55,282.66,181.07,285.93,238.3,133.58,256.85,227.39,317.19,356.77,438.71,40.97,69.92,304.23,253.97,79.5,115.19,300.43,268.57,78.86,323.91,349.88,250.52,98.56,94.84,529.42,148.66,76.17,172.93
2020-09-19,106.71,270.02,173.45,276.65,240.84,132.34,255.2,226.07,322.64,356.98,435.4,49.62,63.65,319.32,269.82,79.64,111.16,298.93,273.14,87.05,331.03,350.58,251.42,98.82,82.61,528.52,141.34,74.97,173.84
2020-09-20,99.2,274.45,178.25,289.79,244.76,132.54,264.82,216.72,330.93,352.81,443.78,54.55,77.15,316.05,264.2,76.48,120.96,297.43,267.26,79.32,321.74,348.87,250.94,100.91,90.23,528.01,147.35,79.29,186.39
2020-09-21,110.29,271.17,174.01,277.84,241.86,139.77,254.84,224.45,320.08,340.2,436.94,41.51,64.12,303.97,269.14,62.45,103.2,289.57,275.5,81.91,317.5,342.62,250.12,95.62,89.91,545.13,139.18,64.43,181.11
2020-09-22,110.03,280.9,177.57,293.24,242.49,143.22,254.96,225.11,323.5,351.7,446.51,41.44,72.8,312.24,266.61,69.55,108.82,291.62,281.12,82.41,314.61,351.78,248.37,98.85,95.32,531.76,139.27,69.96,175.42
2020-09-23,104.31,282.83,174.42,281.62,249.08,131.18,266.04,224.94,318.28,345.25,450.98,53.59,73.54,319.1,272.39,64.24,115.97,296.11,283.15,73.65,315.11,351.52,254.07,102.38,85.96,546.23,148.74,70.11,170.63
2020-09-24,92.36,288.61,167.77,283.07,249.73,138.91,268.56,217.24,315.34,346.55,455.59,46.78,71.04,310.78,273.6,80.78,106.91,297.32,281.77,82.71,327.24,353.67,255.6,108.68,88.78,550.88,146.83,78.17,180.64
2020-09-25,99.09,284.55,185.37,296.25,234.37,136.55,266.22,215.27,330.47,348.25,450.99,49.49,79.59,322.19,272.55,77.44,102.78,308.01,277.98,86.74,323.56,347.77,248.8,94.1,83.43,550.02,155.12,76.35,171.37
2020-09-26,111.63,282.18,186.94,286.96,239.01,136.13,259.96,228.58,330.67,360.79,459.45,55.13,71.29,313.48,261.16,64.3,113.04,297.44,271.93,82.36,327.9,343.72,251.83,95.26,84.34,538.93,151.39,79.77,177.21
2020-09-27,100.62,287.3,174.05,295.31,251.74,137.7,268.42,216.84,322.67,360.0,451.91,55.5,81.64,325.17,274.74,68.67,113.53,307.61,272.03,78.02,335.91,344.79,255.94,104.74,88.44,547.86,145.8,78.66,172.25
2020-09-28,93.47,289.16,168.22,289.61,234.49,128.03,270.84,236.52,330.17,346.62,447.23,38.18,72.72,322.51,263.76,66.24,110.18,299.05,286.97,74.63,332.49,362.86,266.15,95.66,84.58,545.71,156.19,65.38,172.88
2020-09-29,101.76,275.22,171.36,291.45,235.01,136.45,255.29,232.19,323.75,349.72,443.33,55.2,79.92,312.7,275.24,78.54,111.75,296.62,290.79,76.01,335.92,362.82,251.59,102.15,84.49,551.12,158.14,68.28,189.2
2020-09-30,111.71,284.56,170.97,283.47,245.53,134.75,259.63,232.23,337.96,359.99,454.87,45.09,84.66,325.62,260.53,73.2,111.12,301.87,275.26,84.96,320.24,357.02,267.85,94.97,87.46,541.49,148.95,65.55,188.62
2020-10-01,105.54,285.65,185.74,284.54,251.02,131.06,256.13,227.72,335.43,353.92,452.48,48.46,77.4,328.45,267.76,66.74,119.83,296.36,288.54,85.03,323.1,359.39,258.82,101.26,94.06,540.39,147.58,71.73,189.57
2020-10-02,94.91,278.97,175.14,286.93,254.83,128.78,254.4,227.64,340.14,353.74,464.36,54.53,70.55,324.89,275.89,71.35,114.23,304.96,292.17,92.03,327.13,350.21,269.39,97.41,93.98,556.18,147.08,83.7,180.12
2020-10-03,100.98,291.25,182.81,298.69,241.62,127.71,254.54,236.25,339.76,367.29,465.56,45.83,78.81,316.25,263.9,67.26,114.69,312.17,286.7,77.88,331.25,359.37,269.45,93.76,90.61,555.63,150.81,81.87,188.09
2020-10-04,98.14,283.88,170.86,296.11,239.22,133.17,270.9,237.09,332.23,352.86,448.71,44.75,85.82,324.54,270.0,83.92,106.75,308.49,275.5,80.32,338.47,354.8,257.95,98.28,98.68,552.07,158.67,77.16,187.57
2020-10-05,105.35,290.87,177.41,303.84,247.65,135.94,262.3,227.86,339.03,355.81,455.16,53.51,79.92,322.09,280.52,65.52,116.02,297.5,289.52,78.63,333.45,362.49,265.78,98.95,92.22,559.41,155.77,85.45,192.48
2020-10-06,112.71,279.8,185.91,297.12,244.95,143.2,262.08,232.0,334.25,360.08,460.67,48.71,76.58,321.26,271.39,81.73,123.29,304.58,286.02,86.17,330.59,354.09,255.91,106.69,93.41,556.46,145.15,78.11,177.02
2020-10-07,110.32,287.9,177.11,290.19,254.1,130.22,272.59,228.22,327.46,358.15,470.43,38.85,79.25,315.56,263.07,68.22,105.27,316.94,276.62,83.46,339.96,356.66,259.5,105.18,102.1,557.59,145.03,74.95,193.64
2020-10-08,108.85,284.32,179.49,292.16,256.72,147.07,271.63,223.7,332.16,352.99,471.25,39.92,74.44,330.67,269.94,75.78,124.55,317.34,283.85,76.72,330.33,352.9,266.68,95.66,90.89,550.73,154.07,70.03,185.67
2020-10-09,99.5,290.52,178.82,308.48,250.14,133.19,264.77,228.59,337.88,362.36,453.86,47.87,75.44,318.09,270.82,71.17,106.36,313.69,292.12,88.27,335.08,367.89,273.24,101.18,92.77,559.67,153.75,77.77,193.67
2020-10-10,95.93,285.18,175.79,296.81,245.94,137.57,259.35,240.23,340.83,373.61,462.9,57.51,78.0,326.11,266.39,78.11,120.4,303.83,294.96,89.76,340.96,363.96,273.27,104.25,101.78,553.44,150.89,84.13,194.13
2020-10-11,96.85,284.68,174.22,294.31,255.89,144.72,267.06,238.22,334.78,355.8,469.98,39.23,86.21,321.71,278.3,79.32,109.5,307.32,284.8,91.31,335.16,360.18,263.6,94.41,91.45,564.2,154.25,81.33,190.99
2020-10-12,99.9,295.48,174.18,300.23,242.65,134.13,263.23,238.63,328.39,362.18,473.16,51.28,85.79,335.65,283.05,65.65,116.56,315.77,295.89,77.9,347.24,373.29,268.19,95.51,102.22,563.54,158.69,72.56,189.05
2020-10-13,112.03,301.29,186.49,307.55,261.06,137.6,263.38,232.34,329.68,373.41,470.06,43.77,75.31,322.66,267.19,77.03,118.01,304.29,293.2,83.46,332.69,367.7,273.21,110.6,93.65,566.11,148.41,82.95,195.46
2020-10-14,115.32,297.86,183.32,293.95,248.23,132.08,274.78,229.25,336.72,364.78,470.04,53.0,85.59,330.48,270.6,82.36,115.7,303.06,283.16,85.99,339.74,375.12,270.2,107.3,101.27,572.03,155.24,78.72,189.62
2020-10-15,98.35,293.8,183.37,300.84,246.8,132.74,262.48,238.54,330.95,369.97,473.05,48.4,71.39,322.96,277.17,81.18,125.94,313.01,298.19,83.14,335.31,369.74,264.67,101.26,86.92,558.11,148.8,82.5,186.05
2020-10-16,108.04,305.33,191.86,304.12,243.27,130.74,280.36,232.97,348.12,363.0,477.86,43.13,73.95,330.81,275.48,72.88,107.83,320.61,285.61,82.55,343.17,366.73,276.96,99.6,97.97,566.32,156.5,87.05,190.42
2020-10-17,110.5,292.57,187.04,307.62,258.12,147.61,273.55,239.47,343.33,364.57,468.76,47.43,85.52,324.86,277.69,72.1,125.72,317.95,294.49,83.08,342.27,374.24,275.09,100.24,102.46,568.93,150.89,76.29,191.08
2020-10-18,98.1,294.2,186.66,298.55,255.33,131.53,268.5,230.18,335.99,362.9,474.41,43.99,73.02,335.42,286.47,72.65,115.28,306.92,283.4,88.6,347.91,360.72,267.19,96.09,94.25,564.99,163.29,71.23,182.41
2020-10-19,100.05,299.82,186.85,302.78,257.84,150.23,277.22,246.54,346.57,370.81,470.4,47.26,75.94,325.35,277.65,75.0,112.21,312.17,290.03,93.91,349.32,368.86,269.43,104.7,87.73,565.93,161.04,78.69,181.19
2020-10-20,110.03,288.26,191.01,303.22,253.62,144.8,264.77,245.28,340.3,378.45,468.98,53.44,88.5,331.71,282.6,76.63,119.3,315.15,294.33,85.09,337.36,375.0,273.28,100.59,90.05,575.65,163.63,85.08,188.46
2020-10-21,113.02,290.5,185.58,300.13,260.09,136.49,280.48,246.8,334.89,380.25,468.38,42.82,81.28,338.92,275.42,70.44,123.27,324.17,300.65,88.19,345.17,364.97,275.39,98.57,97.67,574.22,148.09,80.37,189.23
2020-10-22,111.41,307.37,187.81,309.94,259.89,139.69,275.42,229.99,340.32,371.77,479.73,59.58,75.43,338.64,272.66,82.76,114.52,324.9,303.77,92.28,348.4,377.67,270.89,103.41,101.1,571.49,160.9,74.93,183.06
2020-10-23,103.52,294.33,181.74,309.12,250.03,145.7,271.66,239.38,341.46,382.68,484.12,43.16,70.1,335.58,283.12,78.02,126.15,319.32,296.15,79.67,342.47,378.5,264.61,97.06,91.95,569.27,150.5,79.78,187.23
2020-10-24,113.32,309.71,197.73,311.33,252.91,152.19,285.94,236.44,339.11,368.15,486.37,51.54,71.41,336.84,278.32,69.21,119.26,328.89,291.14,87.94,354.67,364.8,277.88,102.87,105.42,569.58,152.33,81.75,185.25
2020-10-25,104.14,303.45,188.21,300.83,255.73,144.43,276.5,245.89,350.93,379.26,481.22,53.9,79.17,339.95,292.55,77.2,115.75,324.44,305.71,88.37,355.29,366.32,267.99,103.63,94.72,572.01,156.02,78.18,185.38
2020-10-26,100.13,309.47,179.78,307.63,253.43,138.99,281.03,238.36,349.88,379.71,484.18,44.12,82.88,340.08,291.21,81.64,126.27,325.53,297.39,81.23,346.09,368.87,277.62,103.01,94.52,583.99,159.78,80.22,187.49
2020-10-27,113.96,304.72,182.65,304.3,267.39,134.47,270.58,239.82,350.54,384.88,483.29,42.49,78.18,327.94,287.79,79.04,124.32,319.54,293.08,79.89,357.39,385.52,280.92,110.3,86.38,572.52,166.67,77.04,194.36
2020-10-28,108.75,309.85,184.95,308.17,252.88,136.19,277.02,240.41,347.72,386.03,485.38,44.46,81.23,345.65,280.43,79.12,118.69,324.83,303.42,80.42,353.77,379.48,284.8,108.42,101.91,579.34,169.04,83.54,184.67
2020-10-29,112.17,295.85,191.75,306.62,256.98,137.26,283.73,249.01,351.01,372.39,488.45,47.94,85.49,346.99,294.9,69.55,113.45,331.14,296.56,99.11,355.12,382.88,279.65,99.79,99.37,573.75,159.2,80.54,187.71
2020-10-30,103.47,302.19,198.52,309.76,253.82,137.05,287.16,237.14,351.2,379.83,487.81,54.46,70.99,343.47,277.33,78.39,126.1,327.54,290.32,87.77,356.5,370.08,268.6,106.04,101.73,591.88,159.36,78.16,188.13
2020-10-31,108.06,302.56,182.22,303.9,263.59,139.32,273.32,249.29,343.3,384.62,481.83,54.47,84.38,341.82,276.4,84.74,113.97,327.66,301.86,96.54,361.61,372.69,283.3,114.91,89.06,582.57,152.78,80.84,192.42
2020-11-01,112.19,302.91,186.38,307.71,251.6,153.43,283.09,247.02,346.15,382.76,477.14,56.5,80.78,341.08,284.97,84.79,130.65,332.23,296.32,99.02,352.87,376.75,281.9,101.21,88.4,592.31,153.34,87.1,187.76
2020-11-02,115.12,315.69,190.53,307.27,252.97,146.16,282.96,250.35,357.96,371.35,479.51,46.72,89.68,339.6,296.6,71.74,112.92,328.65,309.56,84.28,358.54,372.45,273.13,111.75,89.01,585.34,169.68,86.5,192.06
2020-11-03,117.12,296.49,192.48,306.0,265.74,154.11,273.84,248.39,347.1,374.73,478.41,56.89,85.64,332.59,279.16,81.93,116.68,326.57,306.7,87.67,343.58,382.39,285.79,104.92,92.96,588.83,165.14,76.33,194.46
2020-11-04,112.48,303.68,183.08,313.27,253.15,143.8,280.9,246.66,360.23,378.79,485.97,41.96,75.89,346.49,288.98,80.21,126.9,325.76,297.73,94.34,354.61,380.62,279.58,113.31,98.37,592.17,153.85,70.61,187.65
2020-11-05,113.13,307.87,186.62,317.8,255.5,151.05,280.65,242.98,345.93,389.55,493.66,41.88,75.77,334.12,279.98,86.54,122.07,319.91,293.4,95.12,359.27,387.33,285.64,111.74,101.16,593.43,164.88,73.25,195.76
2020-11-06,106.89,314.72,196.43,312.86,268.74,142.48,285.64,234.84,349.53,389.04,491.22,54.6,88.07,342.43,289.49,71.81,125.3,327.55,302.08,99.72,363.21,384.89,285.49,104.17,103.66,582.54,168.97,71.89,185.42
2020-11-07,111.46,299.2,199.58,316.49,268.6,152.87,280.44,253.46,355.05,385.57,482.24,56.3,86.03,342.02,288.87,71.34,131.29,323.4,308.39,89.4,347.11,379.76,283.94,112.91,93.21,581.29,169.16,78.48,196.69
2020-11-08,115.76,297.26,191.49,314.94,254.0,146.86,275.14,252.91,350.07,380.31,482.63,61.02,87.45,349.59,282.77,72.84,118.12,315.88,295.63,92.66,355.33,386.8,286.6,115.25,91.5,597.26,153.9,84.92,188.83
2020-11-09,114.9,305.24,183.12,323.45,267.42,153.51,274.11,248.95,346.79,389.06,478.83,54.9,87.2,346.68,291.95,78.84,127.43,334.74,294.95,84.3,353.78,376.23,286.28,97.96,98.48,584.88,163.94,79.74,187.11
2020-11-10,112.48,299.4,199.13,314.61,257.02,153.54,279.41,248.99,342.69,383.05,495.79,48.19,89.62,348.1,283.3,71.83,122.21,334.66,294.19,95.92,357.25,385.68,282.42,98.46,103.34,581.84,156.88,87.97,197.61
2020-11-11,115.19,302.93,184.5,305.15,266.48,147.89,290.73,243.48,353.44,372.62,488.72,60.16,79.57,342.16,285.23,77.0,121.04,317.21,291.98,92.71,348.91,381.85,273.88,115.02,103.65,594.45,163.35,80.63,189.55
2020-11-12,110.8,315.55,198.97,318.03,264.17,137.47,289.17,235.51,352.71,376.15,478.03,48.91,85.05,343.58,291.82,81.97,121.18,317.79,304.79,92.74,358.14,383.05,288.26,111.21,92.95,591.43,163.15,90.0,187.12
2020-11-13,100.84,310.88,190.79,323.14,257.72,142.01,280.1,251.37,343.3,381.77,492.91,49.89,81.68,341.01,282.19,86.59,125.05,321.01,296.61,94.65,356.8,384.15,276.7,114.66,100.54,578.88,151.64,80.44,186.93
2020-11-14,100.12,298.27,191.4,318.25,263.15,152.07,287.31,236.53,357.94,389.66,476.53,60.94,82.25,349.32,290.23,75.99,122.82,324.04,299.69,92.86,356.85,380.15,279.34,102.36,87.61,580.49,164.73,71.19,191.22
2020-11-15,108.72,300.35,183.64,318.75,266.03,150.13,284.0,235.27,361.59,382.29,493.26,52.48,79.04,337.06,289.29,72.83,120.78,322.99,300.28,88.51,360.85,379.18,287.1,109.98,100.69,593.3,159.41,87.03,191.26
2020-11-16,111.63,312.01,187.9,311.77,260.06,150.75,274.52,240.36,358.65,383.02,484.62,53.12,78.73,332.54,286.88,81.73,123.89,324.44,306.74,98.81,351.06,384.48,273.66,107.39,101.91,581.63,168.83,82.42,198.52
2020-11-17,110.79,309.65,189.35,313.58,252.62,143.73,280.06,252.41,349.79,382.58,492.84,46.47,71.29,344.99,278.67,79.58,111.58,329.87,307.34,87.83,349.75,380.0,275.38,116.88,103.64,585.28,165.06,71.37,195.25
2020-11-18,110.69,313.76,199.64,315.48,259.73,150.34,279.66,238.11,359.8,389.15,491.67,52.99,82.2,350.34,280.81,84.68,128.1,317.58,295.84,89.11,349.97,375.22,269.35,103.25,88.46,588.11,165.71,85.48,191.11
2020-11-19,100.63,305.1,184.47,315.02,256.31,154.01,291.0,244.8,346.94,377.02,479.43,54.0,84.49,340.94,277.8,83.79,118.31,334.88,304.49,94.67,346.78,388.05,280.53,97.44,90.52,591.47,165.39,87.63,199.72
2020-11-20,103.32,309.31,185.82,317.6,261.2,148.52,271.66,243.0,358.41,380.27,489.49,47.33,71.68,340.38,281.87,85.94,130.67,320.52,304.18,97.03,361.7,372.57,275.56,105.87,96.22,593.75,164.22,75.38,185.79
2020-11-21,107.84,303.48,189.27,319.89,262.66,145.67,286.73,234.65,343.14,371.54,478.11,44.51,72.54,334.82,285.13,84.75,113.48,328.37,295.47,84.88,361.96,371.32,281.66,104.32,93.12,583.95,155.99,88.27,187.06
2020-11-22,106.12,304.77,200.05,316.64,260.34,150.78,282.18,251.5,348.04,371.79,490.45,57.25,89.76,340.38,279.17,68.78,128.96,319.49,303.96,92.18,358.59,378.32,280.91,114.83,98.74,578.09,153.99,72.79,192.46
2020-11-23,112.68,300.4,191.91,313.88,264.91,145.35,281.47,243.8,342.43,379.41,477.01,49.12,87.51,336.33,287.34,75.84,121.12,320.37,304.96,92.48,348.13,384.32,276.85,100.11,105.16,586.92,153.78,73.32,203.42
2020-11-24,115.53,314.65,187.76,319.62,268.68,141.39,273.3,249.59,351.64,379.05,488.3,49.73,71.9,337.2,292.09,75.82,124.62,317.34,310.17,87.09,352.4,389.29,269.51,116.61,102.16,591.68,161.98,77.32,198.27
2020-11-25,112.96,312.04,193.87,316.4,257.62,152.04,279.1,243.5,357.1,381.01,492.62,49.35,80.18,340.83,281.58,76.81,113.52,324.07,294.39,93.34,348.47,385.85,274.44,97.72,87.4,578.29,165.65,81.12,190.58
2020-11-26,104.79,306.89,188.51,309.67,257.39,137.81,280.73,253.29,345.14,387.91,482.13,55.75,72.12,348.01,285.46,69.18,112.99,327.71,300.0,89.2,357.57,374.09,278.84,109.82,87.51,591.34,158.48,71.75,204.4
2020-11-27,102.74,313.39,193.79,313.67,268.76,149.86,278.02,252.73,347.72,387.97,496.2,42.61,83.18,333.13,294.82,81.72,130.39,322.58,294.69,96.74,351.75,381.73,279.5,100.33,93.73,595.97,151.58,76.64,187.38
2020-11-28,114.94,308.33,193.29,315.43,259.61,146.86,284.25,241.11,351.28,386.07,477.91,58.46,89.87,333.78,293.2,82.99,122.37,317.75,309.67,90.87,361.25,380.3,287.06,98.73,90.04,593.74,170.14,70.8,203.03
2020-11-29,113.26,299.5,187.86,314.43,260.38,154.79,275.92,242.07,350.14,373.13,479.78,55.26,88.9,340.97,278.3,84.51,130.99,327.57,292.01,83.44,350.54,382.82,281.99,102.11,103.06,580.78,167.22,74.81,191.98
2020-11-30,113.63,309.39,197.52,317.0,256.84,139.33,276.27,252.93,360.61,373.9,481.83,48.65,87.48,340.79,291.68,84.14,124.81,329.13,300.01,97.04,355.41,380.09,281.23,114.44,88.94,586.55,160.89,80.29,192.47
2020-12-01,117.98,306.76,199.18,312.39,266.09,146.87,283.27,237.15,357.02,380.54,477.8,42.01,71.61,337.22,280.36,87.04,128.16,328.77,295.47,88.54,359.36,375.29,285.42,104.94,98.55,594.09,168.88,83.24,198.38
2020-12-02,117.48,304.42,189.79,317.81,269.47,153.99,274.7,245.16,350.95,378.67,477.79,48.73,75.65,337.14,289.86,79.77,120.76,330.57,304.93,94.32,347.51,374.04,286.9,100.52,89.52,579.23,155.95,73.76,187.37
2020-12-03,106.03,308.75,197.07,314.2,253.3,152.69,281.68,243.13,343.5,371.38,488.51,59.6,72.44,347.83,284.41,73.83,129.7,316.97,301.2,99.92,360.82,373.44,272.11,108.36,105.49,582.62,169.71,84.4,193.04
2020-12-04,102.33,311.32,188.49,323.6,254.89,138.51,277.42,244.92,351.07,381.5,492.03,51.67,83.98,337.89,278.89,79.47,117.42,332.68,292.23,100.32,358.54,385.39,274.81,109.0,105.25,577.91,169.86,79.87,193.91
2020-12-05,102.58,307.22,199.64,307.77,260.46,145.82,290.67,236.57,343.79,387.03,479.85,57.73,86.38,336.63,295.21,76.86,115.05,323.0,297.18,93.59,344.61,374.58,276.46,102.81,95.01,587.01,157.24,74.59,195.6
2020-12-06,112.96,304.61,187.84,307.8,263.62,152.02,272.92,246.63,357.45,381.33,490.06,57.13,83.25,333.43,283.07,75.93,125.38,331.6,291.83,82.28,351.38,379.48,272.14,103.56,88.43,590.07,167.75,88.88,197.66
2020-12-07,102.32,308.71,192.43,323.4,269.37,136.93,273.68,238.85,344.1,379.37,493.38,51.12,85.83,332.01,280.8,81.27,118.32,324.99,302.38,96.37,352.55,381.15,282.39,113.83,98.38,597.31,168.82,76.12,196.22
2020-12-08,106.49,307.32,199.32,319.65,260.06,155.17,286.0,251.63,351.85,390.07,486.01,48.85,76.39,341.93,281.8,74.44,114.74,322.07,306.06,100.36,359.5,387.82,271.42,108.4,93.83,578.65,157.35,79.8,193.97
2020-12-09,118.91,315.18,195.56,304.15,268.07,154.79,289.83,250.12,347.23,375.17,479.53,44.23,72.74,333.11,290.0,72.17,121.11,327.8,307.99,92.73,348.32,390.01,271.09,114.19,95.47,587.68,168.51,81.99,201.41
2020-12-10,110.59,299.81,184.26,318.49,255.78,152.85,287.75,235.3,346.63,391.22,478.66,46.4,72.13,332.55,284.64,78.62,121.24,319.99,301.9,85.53,361.6,386.57,278.54,104.36,104.46,596.9,152.31,77.74,195.18
2020-12-11,117.13,307.72,191.09,309.53,265.37,140.39,276.18,233.98,349.74,376.29,487.93,41.12,87.94,347.59,296.18,82.68,124.89,325.08,302.19,86.27,352.19,389.19,270.49,109.97,101.71,592.05,157.1,81.32,199.31
2020-12-12,105.56,301.6,197.47,311.56,267.06,142.28,276.61,248.12,357.04,382.29,492.66,42.53,72.39,336.56,294.72,79.68,125.49,316.29,310.84,91.96,353.03,376.77,285.77,99.83,104.81,584.41,163.91,71.82,197.01
2020-12-13,113.5,304.8,185.82,318.84,268.39,141.75,272.95,248.55,354.71,382.05,479.11,42.44,84.5,335.54,283.82,84.92,114.06,326.22,311.22,89.72,356.57,377.39,281.12,109.93,90.35,589.1,157.37,71.83,185.24
2020-12-14,110.9,311.68,185.43,305.96,268.1,142.77,290.33,246.17,351.23,381.7,487.67,50.86,84.11,344.65,291.93,79.51,113.64,320.14,298.2,96.33,347.86,372.46,287.39,108.6,99.92,591.23,164.84,80.99,196.59
2020-12-15,116.76,312.46,190.75,313.98,257.95,136.78,272.06,252.75,344.87,377.27,480.03,56.89,75.12,338.03,280.83,70.11,113.11,332.03,292.21,90.57,348.67,373.33,269.62,112.63,99.55,586.23,167.26,90.13,188.9
2020-12-16,119.01,312.71,184.01,305.06,256.59,150.79,288.47,253.58,349.46,382.86,479.19,50.79,84.37,335.93,286.95,86.3,114.17,324.32,311.09,96.23,355.86,386.13,281.59,108.33,99.54,582.24,163.74,81.89,200.57
2020-12-17,113.9,314.48,194.6,317.52,261.8,150.6,282.47,251.41,357.94,377.48,490.85,47.67,81.79,331.97,283.89,84.58,117.16,316.7,309.05,97.28,355.47,378.37,273.71,112.89,99.12,594.03,159.84,82.52,203.5
2020-12-18,111.65,312.59,192.66,315.54,252.92,148.15,290.24,253.64,342.1,389.93,479.87,42.81,74.73,347.29,293.25,73.91,124.66,332.14,294.53,95.7,352.39,377.96,272.77,115.16,104.38,595.97,151.23,77.13,203.69
2020-12-19,115.89,313.04,185.36,304.46,263.06,142.21,284.05,243.51,359.75,381.05,480.41,52.94,71.78,346.74,289.82,71.92,125.9,319.3,310.77,98.17,356.78,373.48,286.29,107.97,104.77,593.34,168.64,80.86,192.66
2020-12-20,112.01,306.91,200.61,312.1,265.78,140.93,276.91,242.09,355.88,385.2,494.21,43.09,85.47,334.62,283.75,71.43,130.92,319.03,297.25,89.68,357.94,386.81,276.02,108.88,104.2,581.15,162.8,79.57,200.66
2020-12-21,103.0,300.87,197.92,311.19,271.48,146.76,276.14,234.74,349.2,385.58,487.23,58.92,78.87,345.86,292.03,72.69,113.88,329.53,306.37,84.79,359.62,376.68,284.92,102.98,89.53,587.3,157.05,73.5,191.68
2020-12-22,116.47,310.87,187.66,318.81,264.64,152.87,283.55,246.53,356.59,379.61,480.17,42.72,78.15,342.39,292.5,69.59,123.7,318.77,311.02,90.47,344.38,375.69,284.03,113.88,104.46,593.78,151.55,89.88,204.18
2020-12-23,100.67,309.56,185.45,318.8,263.11,145.86,285.98,249.47,360.12,391.06,482.18,54.67,82.36,341.94,289.39,77.97,119.53,321.48,292.22,82.04,361.43,374.27,269.5,117.02,87.77,582.87,161.18,70.85,191.86
2020-12-24,114.38,299.53,188.61,322.63,261.95,152.4,288.56,252.28,356.68,379.6,486.4,51.4,77.51,334.11,288.85,75.55,124.74,334.27,293.02,96.5,345.61,376.28,284.8,101.85,94.52,588.19,156.63,85.27,185.73
2020-12-25,118.14,308.95,184.59,309.08,253.13,149.59,282.62,246.26,356.45,387.35,478.91,48.41,88.35,330.8,296.05,77.6,119.84,334.29,307.92,87.38,348.41,373.1,281.47,110.75,107.31,583.52,168.97,81.28,195.96
2020-12-26,119.49,305.17,189.7,318.25,256.15,145.84,272.82,239.75,343.15,379.15,493.26,44.22,90.1,349.6,278.97,72.89,121.76,315.59,305.48,90.16,352.11,384.28,269.47,113.28,88.99,584.16,154.93,81.19,194.87
2020-12-27,119.36,313.36,193.1,317.44,257.49,150.06,289.72,248.87,347.1,376.65,484.05,45.75,71.42,332.59,296.66,73.36,112.85,324.31,293.6,84.63,359.92,373.41,274.7,108.31,102.97,588.7,163.21,83.88,193.79
2020-12-28,116.63,308.34,187.45,316.45,265.84,138.35,284.57,251.11,349.26,375.08,480.66,57.12,88.5,344.6,289.27,77.98,121.47,332.13,310.93,99.36,349.21,381.45,287.17,103.1,99.21,581.08,168.57,74.92,199.36
2020-12-29,118.89,306.41,189.3,305.7,265.79,142.25,284.48,238.45,356.82,380.22,479.9,60.83,81.05,336.8,293.54,71.57,128.33,315.06,293.78,94.29,349.92,378.32,274.63,116.61,87.78,579.77,164.96,90.38,192.62
2020-12-30,109.63,312.91,194.93,322.39,261.34,146.29,290.0,242.41,342.41,388.01,489.57,45.87,82.2,347.85,291.82,74.48,130.88,331.15,294.11,93.66,346.13,380.88,286.12,108.18,87.67,593.09,170.03,76.05,204.31
2020-12-31,119.76,301.78,193.33,311.16,253.12,144.73,283.09,244.29,359.67,389.54,484.72,41.85,85.14,332.87,293.26,70.47,129.89,326.19,305.25,83.34,350.0,370.71,285.11,100.91,87.36,588.22,162.92,79.71,189.3
